Day,Hire_count,temp,feelslike,humidity,precip,dew,windspeed,conditions,Season
01-01-2017,6534,6.5,3.8,90.5,8.97,5.1,20.3,3,1
02-01-2017,11954,3.5,0.9,82.4,2,0.7,15.4,3,1
03-01-2017,19622,2.1,-1,85.5,0,-0.1,20.2,3,1
04-01-2017,22122,5.3,2.5,74.8,0,1,17.6,1,1
05-01-2017,23580,2.6,2.2,78.8,0,-0.8,7.4,1,1
06-01-2017,18973,3.3,1.8,90.8,1,1.8,16.4,3,1
07-01-2017,13879,8.8,7.8,95.7,2.21,8.1,15.6,3,1
08-01-2017,13506,9.1,8.9,93.6,0.2,8.1,7.9,3,1
09-01-2017,38042,8.3,6,91.7,3.39,7,23.5,3,1
10-01-2017,28106,6.6,4.1,83.7,1.99,4.1,17.2,3,1
11-01-2017,28270,8.5,6.4,72.9,0,3.6,27.8,1,1
12-01-2017,17109,5,1.9,81.6,16.97,2.1,24.4,4,1
13-01-2017,20963,3.2,-1.1,75,2.6,-0.9,33.5,4,1
14-01-2017,13766,2.4,-0.9,85.3,0.4,0.2,17.6,3,1
15-01-2017,6752,5.5,3.4,95.2,5.4,4.8,15.9,3,1
16-01-2017,19230,5.3,4.3,88.6,3.41,3.6,8.4,3,1
17-01-2017,27281,3.1,2.7,73.7,0,-1.4,8.2,1,1
18-01-2017,27194,1.4,1.4,72.2,0,-3.4,4.6,1,1
19-01-2017,26826,3.4,2.3,74.8,0,-0.8,12.5,1,1
20-01-2017,25125,3.4,1.3,70.7,0,-1.7,16.7,1,1
21-01-2017,17552,1.9,0,69.9,0,-3.3,15,1,1
22-01-2017,15628,0.7,0.4,88.2,0,-1.1,6.9,1,1
23-01-2017,23280,1.3,0.6,94.9,0.2,0.5,6.4,3,1
24-01-2017,26611,3.9,3.3,89.6,0,2.2,11.5,1,1
25-01-2017,25175,1.4,0,97.2,0,1.1,11.3,1,1
26-01-2017,23831,-0.2,-3.2,82.9,0,-2.7,13,1,1
27-01-2017,23387,3.5,1.5,84.9,0,1.2,17.1,1,1
28-01-2017,17523,7.5,4.9,78.7,0.2,4,22.7,3,1
29-01-2017,9078,6.6,4.1,90.5,4,5.2,19.8,3,1
30-01-2017,24969,7.7,6.3,90.1,9,6.3,15.5,3,1
31-01-2017,22623,6.8,4.3,94.3,0.6,6,17.9,3,1
01-02-2017,23181,10.4,10.1,93.5,7.99,9.4,23.7,3,1
02-02-2017,25601,10.8,10.8,84.9,0.21,8.4,27.6,3,1
03-02-2017,23231,8.8,6.9,79.6,0.82,5.5,37.2,3,1
04-02-2017,17324,5.8,4.7,86.3,1.61,3.6,11.9,3,1
05-02-2017,14570,5.3,3.2,88.5,0.2,3.5,16.6,3,1
06-02-2017,24312,5,3.5,84.8,0,2.6,17.3,1,1
07-02-2017,27156,7.5,6.6,82,6.2,4.4,14.6,3,1
08-02-2017,25770,4.8,2.9,81.7,0,1.9,13.6,1,1
09-02-2017,22900,2.4,-0.7,82.8,0,-0.2,17.3,1,1
10-02-2017,18673,2.1,-1.1,88.4,0.4,0.4,15.7,3,1
11-02-2017,9394,2.1,-1.1,87.7,1,0.3,15.5,4,1
12-02-2017,10272,3.5,0.2,87.3,0.6,1.6,22.1,3,1
13-02-2017,24159,6.1,2.7,81.3,0,3,26.8,1,1
14-02-2017,26649,7.4,5.7,75.9,0,3.5,16.3,1,1
15-02-2017,24330,9.4,8.4,88.6,1.01,7.7,22.5,3,1
16-02-2017,26649,8.8,7.6,82.4,0.2,5.9,18.6,3,1
17-02-2017,25883,9.5,8.5,79.3,0.2,6,15.6,3,1
18-02-2017,21292,8.2,6.9,82.8,0,5.3,13.9,1,1
19-02-2017,19169,8.5,7.4,85.1,0,6.1,18,1,1
20-02-2017,28665,12.6,12.6,84.1,0.2,9.9,27.4,3,1
21-02-2017,28929,11.8,11.8,85.2,0.01,9.4,26.3,3,1
22-02-2017,27290,12.2,12.2,82.6,0,9.3,33.6,1,1
23-02-2017,22520,9.9,8.7,70.1,0.81,4.5,56.4,3,1
24-02-2017,26832,6.4,4.1,64.9,0,0,20.8,1,1
25-02-2017,14132,8.7,6.5,80.7,0.6,5.6,27.9,3,1
26-02-2017,14911,10.6,10.5,84,1.2,7.9,34.2,3,1
27-02-2017,20001,7.4,4.6,86.3,11.78,5.2,29.2,3,1
28-02-2017,24755,5.1,1.8,79.9,1.8,1.7,31.5,3,1
01-03-2017,24746,7.4,4.8,79.4,0.4,4,37.6,3,2
02-03-2017,26938,8,5.3,61,0.4,0.6,39.3,3,2
03-03-2017,22914,8.6,7.4,82.9,2.01,5.9,17.5,3,2
04-03-2017,21546,9.1,7.6,77.7,1.22,5.2,26.9,3,2
05-03-2017,10593,7.4,4.7,79.8,5,4.1,31.6,3,2
06-03-2017,26917,7.4,5.9,72.3,1,2.4,23.2,3,2
07-03-2017,29174,7.7,5.9,73.1,0.2,3,18.5,3,2
08-03-2017,24440,11,10.2,86,2.98,8.7,23.8,3,2
09-03-2017,31113,13,13,66.1,0,6.2,22.7,1,2
10-03-2017,28126,9.9,9.1,81.9,0,6.9,15.1,1,2
11-03-2017,30560,13.1,13.1,78,0,9.2,10.8,1,2
12-03-2017,15850,11.6,11.6,77.7,0.81,7.8,13.7,3,2
13-03-2017,32177,11.4,10.9,65.1,0,4.8,14.1,1,2
14-03-2017,30857,11.5,10.8,82,0,8.4,20.5,1,2
15-03-2017,34548,12.2,12.1,77.4,0,7.9,11.6,1,2
16-03-2017,31876,10.1,9.5,83,0,7.2,20.5,1,2
17-03-2017,26481,9.1,8.2,69,0,3.6,36.4,1,2
18-03-2017,7771,12.6,12.6,83.2,0.8,9.7,32.3,3,2
19-03-2017,19335,13.1,13.1,75.8,0,8.9,38,1,2
20-03-2017,24145,11,10.5,84.1,3.19,8.4,32,3,2
21-03-2017,30182,8.2,6.1,63.1,0,1.3,29.8,1,2
22-03-2017,23725,7.5,5.3,77.9,3.01,3.9,26.7,3,2
23-03-2017,27639,8.9,7.4,77,4.2,4.9,31.5,3,2
24-03-2017,27578,9.1,7.2,75.6,0,4.9,25,1,2
25-03-2017,28374,9.8,8.4,52.5,0,-1,28.6,1,2
26-03-2017,24090,10,8.7,65,0,3.4,24.7,1,2
27-03-2017,30887,10,9,77.2,0,6,15.1,1,2
28-03-2017,32314,11.2,10.8,77.4,0,7.1,26.2,1,2
29-03-2017,29907,13.2,13.2,80.3,0.2,9.9,24.3,3,2
30-03-2017,34219,16.1,16.1,61.4,0,8.4,24.6,1,2
31-03-2017,30730,13.9,13.9,65.8,0,7.5,28.7,1,2
01-04-2017,28237,12.2,12.2,69.3,0.01,6.6,21.2,3,2
02-04-2017,31064,11.7,11.4,67.5,0,5.5,11.3,1,2
03-04-2017,34287,11.7,11.7,72.1,0,6.4,21.3,1,2
04-04-2017,30887,11.9,11.7,79.2,0,8.4,15,1,2
05-04-2017,33985,11,10.5,63.4,0,4.1,16.3,1,2
06-04-2017,36003,12.1,12.1,62.7,0,4.8,11.7,1,2
07-04-2017,35434,12.3,12.3,63.3,0,5.3,10.5,1,2
08-04-2017,38878,13.6,13.6,66.3,0,6.6,13,1,2
09-04-2017,42854,16.2,16.1,58.6,0,7.1,26.7,1,2
10-04-2017,31158,11.8,11.6,56.7,0,3.3,20.7,1,2
11-04-2017,35436,11.5,11,58.5,0,3.5,18.5,1,2
12-04-2017,32570,11.6,10.8,66.5,0,5.3,25.4,1,2
13-04-2017,30343,10.8,10.4,58.4,0,2.7,17.7,1,2
14-04-2017,22357,11.8,11.6,61.5,0,4.6,23.3,1,2
15-04-2017,24627,12,12,58.8,0,3.5,21.7,1,2
16-04-2017,23090,11.1,10.6,61.8,0,3.9,22.6,1,2
17-04-2017,20130,10.2,9.5,66.5,0.2,4,16.4,3,2
18-04-2017,29490,8.7,7.4,57.8,0,0.3,20.7,1,2
19-04-2017,32500,9,8.2,54.9,0,-0.2,11.9,1,2
20-04-2017,33546,11,10.4,61.3,0,3.9,17.9,1,2
21-04-2017,31510,12.5,12.5,69.8,0,6.8,15.8,1,2
22-04-2017,28323,12,11.7,65.3,0,5.3,14.6,1,2
23-04-2017,28736,11.6,11,59.1,0,3.6,15.3,1,2
24-04-2017,28500,10.2,9.7,72.7,0.4,5.3,20.3,3,2
25-04-2017,32383,6.4,4.3,51.9,0,-3.2,20.4,1,2
26-04-2017,28360,6.3,4,70,1,1.1,22.7,3,2
27-04-2017,26727,6.9,5.9,72.2,0.8,1.9,18.6,3,2
28-04-2017,30390,10.5,10.1,66.2,0,4.3,11.4,1,2
29-04-2017,28450,11.3,11.1,61.8,0,3.7,20.9,1,2
30-04-2017,27461,13.5,13.5,53.7,0,4.1,28.4,1,2
01-05-2017,18493,10.8,10.4,78.9,0.61,7.2,18.2,3,2
02-05-2017,32945,12.2,11.9,70.9,0,6.6,16.3,1,2
03-05-2017,27191,9.8,8.8,80.7,0.4,6.6,18.9,3,2
04-05-2017,31200,11.3,11,76.3,0.2,7.1,21.3,3,2
05-05-2017,31355,11.5,10.9,64.8,0,4.7,30.4,1,2
06-05-2017,29020,12.3,12.2,71.4,0,7.2,22.8,1,2
07-05-2017,28491,12.1,11.7,69.1,0,6.3,14.5,1,2
08-05-2017,30426,10,8.9,68.1,0,4.4,21.8,1,2
09-05-2017,33211,10.2,9.4,60.9,0,2.8,14.1,1,2
10-05-2017,36305,11.7,11.6,63.4,0,4.7,15.8,1,2
11-05-2017,33911,14.1,13.8,65.8,0,7.3,17.6,1,2
12-05-2017,32618,14.9,14.9,80,1,11.3,24.6,3,2
13-05-2017,29539,14.3,14.3,68.8,0,8.3,26.2,1,2
14-05-2017,30145,14.8,14.8,66.7,0.62,8.2,22.1,3,2
15-05-2017,25882,14.4,14.4,79,0.8,10.8,24.8,3,2
16-05-2017,35964,18.8,18.8,74.5,0.4,14,28.5,3,2
17-05-2017,18926,15.9,15.9,92.8,7.91,14.8,15.6,3,2
18-05-2017,23268,12.5,12.5,80.6,9.97,8.9,12.2,3,2
19-05-2017,28730,11.9,11.7,77.6,7.21,7.9,17.1,3,2
20-05-2017,26825,12.3,12.2,72.1,0.8,7.3,25.2,3,2
21-05-2017,33728,14.9,14.9,66.1,0,8,17.5,1,2
22-05-2017,40021,18.2,18.2,58.4,0,9.2,20.4,1,2
23-05-2017,39259,16.9,16.9,73.4,0,12,14.4,1,2
24-05-2017,41644,19.8,19.8,66.3,0,12.7,9.9,1,2
25-05-2017,43528,20,20,65.6,0,12.8,20.2,1,2
26-05-2017,43701,20.4,20.4,62.4,0,12.6,23.7,1,2
27-05-2017,35354,19.3,19.3,68.6,0,13.3,28.6,1,2
28-05-2017,27909,17.4,17.4,75.1,3.99,12.3,9.2,3,2
29-05-2017,26476,18,18,83.9,7.8,15.2,17.3,3,2
30-05-2017,37517,17.7,17.7,74.4,0,13,24.2,1,2
31-05-2017,39019,17.9,17.9,71.6,0,12.5,10.8,1,2
01-06-2017,42514,19.2,19.2,64.7,0,11.8,17,1,3
02-06-2017,34459,19,19,76,2.02,14.4,13.8,3,3
03-06-2017,38635,17.7,17.7,64.2,0,10.2,21.6,1,3
04-06-2017,30840,15.2,15.2,64.6,0.99,8.4,24.7,3,3
05-06-2017,30846,14.9,14.9,74.5,0,10.3,31.9,1,3
06-06-2017,17387,12.9,12.9,81,18.99,9.5,44.2,3,3
07-06-2017,34819,14.9,14.9,64.4,3.98,7.9,31.5,3,3
08-06-2017,32751,15.7,15.7,77.5,1,11.8,27.4,3,3
09-06-2017,33705,16.4,16.4,73.3,1.21,11.3,25.5,3,3
10-06-2017,36788,18.3,18.3,67.3,0,11.9,29.7,1,3
11-06-2017,32997,18.9,18.9,67.2,0,12.4,30,1,3
12-06-2017,36114,15.9,15.9,65.5,0,9.4,24,1,3
13-06-2017,41337,17.6,17.6,65.8,0,10.7,10.2,1,3
14-06-2017,44762,20.2,20.2,58.4,0,11.4,15.4,1,3
15-06-2017,42249,19.2,19.2,62,0,11.3,31.2,1,3
16-06-2017,40288,18.1,18.1,64.8,0,11.1,20.7,1,3
17-06-2017,41719,22.9,23.1,65.3,0,15.5,13.6,1,3
18-06-2017,38577,24.6,24.7,60,0,15.9,13.6,1,3
19-06-2017,41624,25.3,25.3,58.4,0,15.9,13.8,1,3
20-06-2017,43185,23.7,23.7,62.1,0,15.5,18.2,1,3
21-06-2017,43885,24.3,24.7,65.7,0,16.9,16.2,1,3
22-06-2017,39708,21.6,21.6,68,0,15.3,27.1,1,3
23-06-2017,40025,18.9,18.9,65.6,0,12.1,27.9,1,3
24-06-2017,30271,19.2,19.2,76,0,14.8,24.9,1,3
25-06-2017,31012,18.3,18.3,69.1,0.2,12.4,29.8,3,3
26-06-2017,42096,18.6,18.6,49.9,0,7.5,16.6,1,3
27-06-2017,24206,17.3,17.3,76.2,8.98,12.8,17.5,3,3
28-06-2017,33008,15.3,15.3,86.8,12.2,13.1,14.5,3,3
29-06-2017,38137,15.2,15.2,72.5,0.2,10.3,15.6,3,3
30-06-2017,40350,18,18,67.6,0,11.8,17,1,3
01-07-2017,36183,18.1,18.1,66.9,0,11.6,20,1,3
02-07-2017,42875,18.9,18.9,58.6,0,10.1,19.7,1,3
03-07-2017,39970,19.1,19.1,64.8,0,12.2,21.6,1,3
04-07-2017,43784,19.6,19.6,66.3,0,12.8,15.1,1,3
05-07-2017,46035,21.9,21.9,59.3,0,13.2,16.6,1,3
06-07-2017,44386,24,24.2,59.2,0,15.3,17.9,1,3
07-07-2017,43547,23.6,23.5,56.1,6.95,13.7,20.7,3,3
08-07-2017,40196,21.8,21.8,56.8,0,12.2,18.1,1,3
09-07-2017,38912,22.1,22.1,60.6,0,13.6,17.3,1,3
10-07-2017,41086,21.3,21.3,60,0,12.7,23.7,1,3
11-07-2017,25955,16.6,16.6,77.6,6,12.5,22.6,3,3
12-07-2017,38377,17.3,17.3,72.7,31.35,11.6,21.5,3,3
13-07-2017,42082,17.9,17.9,59.2,0,9.4,17.1,1,3
14-07-2017,38932,17.8,17.8,62.3,0,10.1,20,1,3
15-07-2017,30690,18.1,18.1,73.7,0,13.4,19.2,1,3
16-07-2017,31595,21.4,21.4,74.8,0,16.7,21.3,1,3
17-07-2017,41811,21,21,52,0,10.3,16.4,1,3
18-07-2017,41804,21.3,21.3,63,0,13.6,24.7,1,3
19-07-2017,39340,20.2,20.2,82.2,5.42,17,24.6,3,3
20-07-2017,37164,18.2,18.2,72.6,0.41,12.7,27.1,3,3
21-07-2017,37967,17.9,17.9,63.7,0,10.7,26.6,1,3
22-07-2017,16392,14.9,14.9,87.3,18.41,12.7,21.5,3,3
23-07-2017,26432,15.1,15.1,83.4,1,12.1,21.9,3,3
24-07-2017,32515,16.1,16.1,82,0.41,12.9,22.3,3,3
25-07-2017,41029,17.9,17.9,70.2,0,12.2,14.9,1,3
26-07-2017,33566,17.8,17.8,84.3,0.81,15.1,25.6,3,3
27-07-2017,32588,16.6,16.6,76.7,3.98,12.4,26.4,3,3
28-07-2017,32857,16.8,16.8,78.4,1.99,12.8,29.3,3,3
29-07-2017,23334,17.5,17.5,81.7,4.21,14.1,23.2,3,3
30-07-2017,31893,17.5,17.5,75.5,24.48,12.8,27,3,3
31-07-2017,38541,17.6,17.6,68.1,0,11.2,24.1,1,3
01-08-2017,39837,17.6,17.6,69.8,0,11.6,23.4,1,3
02-08-2017,27123,17.1,17.1,83,7,14.1,28.3,3,3
03-08-2017,34430,18.6,18.6,75.7,0.21,14.1,34.1,3,3
04-08-2017,34893,18.2,18.2,69,0,12.3,23.9,1,3
05-08-2017,27715,17.3,17.3,64,0.21,10.3,16.9,3,3
06-08-2017,31536,16.4,16.4,68.2,0,10.1,21.9,1,3
07-08-2017,32303,16.7,16.7,79.6,0,13.1,16.9,1,3
08-08-2017,33854,15.9,15.9,82,0.1,12.8,17.6,3,3
09-08-2017,11525,14.2,14.2,90.4,29.97,12.7,21,3,3
10-08-2017,35707,15.8,15.8,70.4,5.98,10.1,18.6,3,3
11-08-2017,34462,16,16,75.4,0,11.2,22.8,1,3
12-08-2017,31034,19,19,69.8,0,13,21.9,1,3
13-08-2017,34928,17.8,17.8,53,0,7.7,11,1,3
14-08-2017,35979,18.1,18.1,63.3,0,10.7,17.3,1,3
15-08-2017,38181,19,19,64.4,0,11.8,20.1,1,3
16-08-2017,37037,17.1,17.1,67.1,0,10.7,22,1,3
17-08-2017,31947,19.4,19.4,77.2,2.99,15.1,28.3,3,3
18-08-2017,28252,16.2,16.2,77.3,3,12.2,25.1,3,3
19-08-2017,29156,16.3,16.3,66,0,9.6,28.1,1,3
20-08-2017,25270,15.4,15.4,73.6,0,10.3,18.2,1,3
21-08-2017,27725,16.6,16.6,89.4,4.89,14.8,13.8,3,3
22-08-2017,33327,19.4,19.4,82.3,0,16.2,15.3,1,3
23-08-2017,34439,18.9,18.9,78.6,0.2,15,22.6,3,3
24-08-2017,34548,17.4,17.4,72.9,0,12.2,16.2,1,3
25-08-2017,35108,18.1,18.1,72.7,0,12.5,8.4,1,3
26-08-2017,31442,19.7,19.7,66.1,0,12.6,9.8,1,3
27-08-2017,33657,20.7,20.7,61.1,0,12.7,9.5,1,3
28-08-2017,34862,21.6,21.6,67.1,0,14.7,12.4,1,3
29-08-2017,35427,20.6,20.6,70.5,0,14.9,15,1,3
30-08-2017,22542,13.6,13.6,84.7,6.57,11,17,3,3
31-08-2017,35953,14.8,14.8,75.8,0.21,10,11.5,3,3
01-09-2017,36194,15.8,15.8,67.7,0,9,14.4,1,4
02-09-2017,35246,16.2,16.2,64.9,0,9.2,12.6,1,4
03-09-2017,21934,14.8,14.8,77.6,0,10.8,24.5,1,4
04-09-2017,28710,17.6,17.6,90.4,2.41,15.9,19.6,3,4
05-09-2017,32336,18,18,84.1,0.4,15.3,24.8,3,4
06-09-2017,36559,15.4,15.4,71.8,0.6,10,20.2,3,4
07-09-2017,35614,15.8,15.8,73.3,0,11,22.3,1,4
08-09-2017,23199,15.7,15.7,82.7,5.8,12.8,21.8,3,4
09-09-2017,28349,13.7,13.7,79.4,0.02,9.9,21.2,3,4
10-09-2017,21298,13.3,13.2,85.3,0.6,10.8,32,3,4
11-09-2017,26886,14.3,14.3,77,0.42,10.2,32.8,3,4
12-09-2017,32569,14,14,75.9,0.2,9.5,33.1,3,4
13-09-2017,32583,14.7,14.7,68.1,5,8.8,44.3,3,4
14-09-2017,33252,12.6,12.1,72.5,0,7.6,26.7,1,4
15-09-2017,31628,11.8,11.4,76.7,0.21,7.6,15.4,3,4
16-09-2017,26166,11.9,11.8,81,0.61,8.7,11.2,3,4
17-09-2017,25300,12.6,12.6,79.4,0,9.1,12.1,1,4
18-09-2017,30718,13.6,13.6,77.2,0.2,9.5,15.7,3,4
19-09-2017,34917,11.5,11.4,81.4,3.01,8.2,10.2,3,4
20-09-2017,35149,13.7,13.6,83.5,0,10.8,19.9,1,4
21-09-2017,31174,15.5,15.5,80.6,0.81,12.1,23.7,3,4
22-09-2017,36125,13.1,13.1,77.1,0.2,8.7,17.9,3,4
23-09-2017,30654,15.8,15.8,68.6,0,9.9,16.9,1,4
24-09-2017,32726,16.8,16.8,70.7,0,11,19.5,1,4
25-09-2017,30066,16.6,16.6,82.9,1.22,13.7,12.9,3,4
26-09-2017,37394,16.8,16.8,78.4,0,12.9,12.1,1,4
27-09-2017,34694,16.6,16.6,83.5,0,13.6,16.9,1,4
28-09-2017,35526,16.8,16.8,82.6,14.98,13.6,15.6,3,4
29-09-2017,28782,16.4,16.4,86.6,3.2,14.2,18.5,3,4
30-09-2017,29003,13.9,13.9,79.7,0,10.3,20.3,1,4
01-10-2017,22814,16.3,16.3,88.1,2.2,14.3,25,3,4
02-10-2017,33891,15.4,15.4,69.2,0,9.7,30.5,1,4
03-10-2017,37187,12.2,11.9,71.6,0,6.9,19.6,1,4
04-10-2017,36798,12.6,12.4,71,0,7.4,26,1,4
05-10-2017,34779,14.5,14.5,66,1,7.9,33.3,3,4
06-10-2017,35344,11.6,11.1,69.3,0,5.9,16.2,1,4
07-10-2017,25505,14,14,78.4,0.2,10.3,23.7,3,4
08-10-2017,28830,13.2,13.1,79.8,0.6,9.6,13.3,3,4
09-10-2017,34182,13.5,13.5,83,0,10.6,15.3,1,4
10-10-2017,35961,14.1,14.1,84.8,0.2,11.5,21,3,4
11-10-2017,32760,15.3,15.3,81,0.2,12.1,27.7,3,4
12-10-2017,36372,13.4,13.4,77.9,0.8,9.4,20.4,3,4
13-10-2017,34229,16.1,16.1,85.6,0,13.7,23.6,1,4
14-10-2017,32123,17.2,17.2,81.4,0,14,17.7,1,4
15-10-2017,32696,15.4,15.4,86.8,0,13.1,21.7,1,4
16-10-2017,34787,16.9,16.9,79.6,0,13.1,31.4,1,4
17-10-2017,35199,13.1,13.1,68.9,0,7.5,23.8,1,4
18-10-2017,27348,13.7,13.7,85.1,2.99,11.2,11.1,3,4
19-10-2017,31069,15.6,15.6,91.5,3.19,14.2,25.6,3,4
20-10-2017,31306,13.4,13.4,78.5,1.01,9.6,30.6,3,4
21-10-2017,22475,13.9,13.9,76.7,0.8,9.9,39,3,4
22-10-2017,21013,11.6,11.6,70,0,6.2,31.4,1,4
23-10-2017,30604,13.6,13.6,86.6,0,11.4,15.7,1,4
24-10-2017,33732,16.5,16.5,86,0,14.1,28.2,1,4
25-10-2017,36064,15.3,15.3,77.6,0,11.3,22.5,1,4
26-10-2017,28423,13.1,13.1,95.9,0.99,12.4,10,3,4
27-10-2017,34654,12,11.9,75.7,0,7.7,12.3,1,4
28-10-2017,26633,10.6,9.7,85.1,0,8.1,25.7,1,4
29-10-2017,22228,12.5,12.2,69.4,0.2,6.9,22.9,3,4
30-10-2017,31364,7.8,7.5,75,0,3.5,7.1,1,4
31-10-2017,33312,10,9.7,78.9,0,6.5,17.2,1,4
01-11-2017,34747,11.1,10.9,81.3,0,7.7,10.7,1,4
02-11-2017,34290,9.2,9.2,89.3,0,7.5,4.9,1,4
03-11-2017,34716,11.3,11.2,85.8,0,8.9,9.7,1,4
04-11-2017,17801,11.5,11.1,87.6,3,9.4,19.1,3,4
05-11-2017,21588,7.2,5.3,77.4,0.2,3.4,20.2,3,4
06-11-2017,30663,6.1,5.4,82.4,0.2,3.1,12.5,3,4
07-11-2017,27314,10,9.3,82.8,0.2,7.2,18.8,3,4
08-11-2017,29455,7.4,5.8,78.1,4.01,3.8,15.4,3,4
09-11-2017,31374,8.3,7.8,85.9,0,6,13.3,1,4
10-11-2017,28480,10.2,9.1,69,0.6,4.5,23.1,3,4
11-11-2017,16679,8.6,7.6,89.3,14.14,6.9,10.9,3,4
12-11-2017,16460,7.4,4.8,73.6,2.01,2.7,25.5,3,4
13-11-2017,29301,5.5,3.3,70.5,0,0.5,16.6,1,4
14-11-2017,29355,9.1,8.2,83.4,0.2,6.5,16.2,3,4
15-11-2017,30564,10.5,10.5,93,0.2,9.5,10.2,3,4
16-11-2017,31112,11,10.9,81.6,0,7.9,18.5,1,4
17-11-2017,29876,6.1,5.5,73.7,0.2,1.5,9.7,3,4
18-11-2017,12976,7.1,5,84.7,2.01,4.7,18,3,4
19-11-2017,18874,5.3,3.7,81,0,2.2,11.9,1,4
20-11-2017,25998,10.5,9.9,88.2,1.2,8.6,24.9,3,4
21-11-2017,31316,13,13,82.1,0.2,10,27.2,3,4
22-11-2017,31315,14.4,14.4,71.2,0,9.3,37.8,1,4
23-11-2017,30147,11.3,10.6,69.3,2.6,5.8,40.9,3,4
24-11-2017,28930,6.5,6,76,0,2.4,7.1,1,4
25-11-2017,17691,3.5,1.2,80.8,0,0.4,21.8,1,4
26-11-2017,15229,4.6,2.6,78.7,0,1.1,19.8,1,4
27-11-2017,24324,8.5,6.3,81.9,1.01,5.6,29.8,3,4
28-11-2017,28202,4.9,2.4,78.8,0.2,1.4,17.8,3,4
29-11-2017,27319,4.5,1.4,77.5,0,0.9,18.9,1,4
30-11-2017,25986,2.5,-1.2,70.5,0,-2.4,24.2,1,4
01-12-2017,24321,4.5,1.1,77.5,0,0.9,22.7,1,1
02-12-2017,16887,5,3.5,82,0,2.1,10.6,1,1
03-12-2017,12773,8.4,7.2,91,0.6,7,11.9,3,1
04-12-2017,27613,7.6,6.2,83.5,0,4.9,12,1,1
05-12-2017,29611,8.3,6.5,75.5,0,4.2,16.9,1,1
06-12-2017,29058,9.7,8.6,70.4,0,4.6,27.4,1,1
07-12-2017,24810,9.2,7.3,80.2,1.03,5.9,30.6,3,1
08-12-2017,24431,3.2,-0.9,72.3,0,-1.3,28.4,1,1
09-12-2017,15509,1.5,-1.7,78.6,0,-1.9,17.8,1,1
10-12-2017,5143,1.9,-0.9,89.7,16.98,0.3,19.7,4,1
11-12-2017,13055,2.3,-1.7,86.9,10.59,0.3,24.9,3,1
12-12-2017,22780,1.4,-1.2,83.8,0,-1.1,14.2,1,1
13-12-2017,20074,6.5,3.4,89,5,4.8,37.2,3,1
14-12-2017,24064,4.2,0.4,79.7,2.01,1,30,3,1
15-12-2017,21107,4.2,1,83.2,1,1.6,24.1,3,1
16-12-2017,12229,3.1,0.4,84,1,0.6,14.7,3,1
17-12-2017,7519,4.6,2.6,94.6,3.2,3.8,19.5,3,1
18-12-2017,23414,5.5,4.7,80.7,0.2,2.3,10.8,3,1
19-12-2017,22935,4.2,2.9,91.3,0.2,2.9,12.7,3,1
20-12-2017,21801,8.9,8,96.9,0.4,8.4,14,3,1
21-12-2017,20945,10.9,10.9,91.1,0.2,9.4,19,3,1
22-12-2017,17124,10.5,10.1,89.2,0.8,8.8,12.1,3,1
23-12-2017,9725,9.5,7.8,88.7,0,7.8,19.9,1,1
24-12-2017,7498,9.5,8.3,86.1,0,7.3,25.8,1,1
25-12-2017,27305,10.2,9.2,83.8,0.4,7.6,39.7,3,1
26-12-2017,7149,6,3,85,5.2,3.6,23.7,3,1
27-12-2017,5426,4,0.3,84.3,11.03,1.5,29.7,3,1
28-12-2017,11236,1.8,-1.1,83.1,0,-0.9,15.9,1,1
29-12-2017,8346,5.1,2.1,82.4,8.18,2.2,32.4,3,1
30-12-2017,10908,11.2,10.6,78.8,3.61,7.5,41,3,1
31-12-2017,9292,10.9,9.8,82.8,3.03,8.1,42.3,3,1
01-01-2018,10235,7.1,4.2,76.9,4.4,3.3,28.9,3,1
02-01-2018,14394,7.9,6.4,84.9,4,5.5,33.1,3,1
03-01-2018,20265,9.3,6.5,66.6,5.02,3.3,44.5,3,1
04-01-2018,17543,8.5,6.5,80.2,8.17,5.1,52.7,3,1
05-01-2018,21759,6.6,4.4,80.5,2,3.4,29.1,3,1
06-01-2018,13920,4.3,2,84.2,0.01,1.8,21.1,3,1
07-01-2018,12259,3.8,-0.2,71,0,-1,28.4,1,1
08-01-2018,23374,4.7,1.4,82.6,0,1.9,21.8,1,1
09-01-2018,24683,5.7,4,89.7,0,4.2,13,1,1
10-01-2018,26787,7.7,6.2,89.3,0.2,6,20.2,3,1
11-01-2018,25222,7.1,6,90.5,0.2,5.6,12.5,3,1
12-01-2018,24696,7.1,5.9,86.9,2.19,5,14.6,3,1
13-01-2018,17512,6.2,3.6,79,0,2.9,18.3,1,1
14-01-2018,15070,5.5,4,71.9,0,0.9,13.2,1,1
15-01-2018,19161,8.3,5.6,84.3,5.41,5.8,34.5,3,1
16-01-2018,26921,5.8,1.8,73,0,1.2,33.8,1,1
17-01-2018,26934,5.1,0.9,67.8,0,-0.4,37.2,1,1
18-01-2018,26471,8,5.2,69.3,0.4,2.6,59,3,1
19-01-2018,25799,4,0.8,76.9,0,0.2,26,1,1
20-01-2018,9398,3.8,1.7,89,5.98,2.2,13.2,3,1
21-01-2018,5859,3.7,1.9,93.6,10.01,2.8,18.6,3,1
22-01-2018,26337,9.3,8.2,78.4,2,5.6,19.9,3,1
23-01-2018,26003,10.9,10.2,83.2,0.2,8.2,26.6,3,1
24-01-2018,20206,10.2,8.8,86.2,11.98,8,41.5,3,1
25-01-2018,28189,7.9,5.8,78,0.2,4.3,23.7,3,1
26-01-2018,26430,6,5.3,82.8,0,3.2,10,1,1
27-01-2018,14472,7.9,5.9,85.2,0.8,5.5,28.7,3,1
28-01-2018,17512,11.4,10.9,83.1,0,8.6,31.4,1,1
29-01-2018,26371,10.4,10.2,73.9,0.2,6,30,3,1
30-01-2018,28002,5.4,4.3,83.5,0,2.7,16.9,1,1
31-01-2018,24117,7,3.7,78.7,2.4,3.5,31,3,1
01-02-2018,25525,5.4,2,71.7,0,0.6,26.4,1,1
02-02-2018,25331,5.8,3.2,69.6,0.8,0.6,19.8,3,1
03-02-2018,8975,4.3,3.1,84.7,1.03,1.9,11.6,3,1
04-02-2018,13833,3.9,0.5,74,0.4,-0.3,21.4,3,1
05-02-2018,23898,3.2,0.2,73.4,0,-1.1,18.5,1,1
06-02-2018,25349,2.4,-0.2,67.3,0,-3.1,17.8,1,1
07-02-2018,25388,2.8,0.4,68.6,0,-2.5,15.6,1,1
08-02-2018,25791,3.4,1.1,74.1,0,-0.8,23.8,1,1
09-02-2018,21037,5.2,1.8,75.6,5.98,1.1,25.9,3,1
10-02-2018,9956,4.4,1.5,87,2,2.5,26.3,3,1
11-02-2018,14621,5.6,1.9,69.1,0.6,0.3,35.7,3,1
12-02-2018,24719,3.2,0.1,71.3,0,-1.7,21.5,1,1
13-02-2018,20931,4.5,1.1,83.1,1.01,1.9,32.3,3,1
14-02-2018,18866,4.1,1.2,86.5,1.8,2,35.4,3,1
15-02-2018,25264,7.8,5.5,75.2,5.2,3.3,26.7,3,1
16-02-2018,25411,5.1,3.3,72.9,0,0.3,15.9,1,1
17-02-2018,23169,6.1,5.6,75.2,0,1.7,11.4,1,1
18-02-2018,18624,6.8,5.8,81,0,3.6,13.8,1,1
19-02-2018,19879,8.9,8.4,92.1,1.2,7.7,15.5,3,1
20-02-2018,25055,8.6,6.1,80.6,0.22,5.3,26.1,3,1
21-02-2018,26434,5.1,3.3,76.7,0,1.3,14.4,1,1
22-02-2018,26179,3.9,1.2,67.4,0,-1.8,20.6,1,1
23-02-2018,23067,2.6,-0.5,68.2,0,-2.8,25.2,1,1
24-02-2018,16522,2.8,-0.7,63.8,0,-3.5,25.8,1,1
25-02-2018,14037,1.9,-1.9,58.8,0,-5.4,24.4,1,1
26-02-2018,19204,0.3,-4.2,64.1,0,-5.8,26.2,1,1
27-02-2018,18741,-1.3,-4.1,69.5,0.8,-6.2,16.9,4,1
28-02-2018,10619,-3.2,-7.7,76.1,0,-6.9,29,1,1
01-03-2018,8744,-1.9,-8,74.1,0,-6,31.6,1,2
02-03-2018,8234,-0.5,-5.9,82.2,0,-3.2,32.1,1,2
03-03-2018,7924,2.3,-1.4,92.9,4.98,1.3,21.4,4,2
04-03-2018,10853,6.1,4,89,1,4.5,16.3,3,2
05-03-2018,24818,7.5,5.9,82.3,0,4.6,18.3,1,2
06-03-2018,26301,7.6,5.9,77.1,0.4,3.7,15.7,3,2
07-03-2018,22044,6.9,5.4,77.6,3.21,3,24.2,3,2
08-03-2018,25967,7.2,4.2,70.5,2,1.8,37.4,3,2
09-03-2018,18912,7,5.8,86.7,2.99,4.9,15.4,3,2
10-03-2018,18717,11.4,11.2,86.1,4.01,9.1,20.6,3,2
11-03-2018,16259,9.1,8.9,89.7,3.98,7.5,17.4,3,2
12-03-2018,19996,9.1,8.1,87.6,2.24,7.2,19.6,3,2
13-03-2018,28069,7.9,6.8,77.3,0.2,4.2,14.6,3,2
14-03-2018,28769,8.9,8.2,71,0,3.6,28.3,1,2
15-03-2018,25318,10,8.9,81.4,5.23,6.8,24.1,3,2
16-03-2018,28308,10.3,9.4,73.6,0,5.6,20.7,1,2
17-03-2018,8106,1.7,-3.2,82.3,0.6,-0.9,30.4,4,2
18-03-2018,6624,0.4,-4.4,77,0.79,-3.2,28.6,4,2
19-03-2018,20488,1.8,-2.7,60.4,0.61,-5.2,30.8,4,2
20-03-2018,24582,5.1,2.3,65.3,0,-1,26.5,1,2
21-03-2018,27719,5.8,4.4,66,0,-0.5,21.8,1,2
22-03-2018,27228,7.8,5.6,69.8,0,2.5,21.6,1,2
23-03-2018,26894,9.3,7.6,68,0,3.5,28,1,2
24-03-2018,18804,8.3,7.3,83.4,1.6,5.6,11,3,2
25-03-2018,19723,9.3,8.8,73.6,0,4.7,11.9,1,2
26-03-2018,29486,9.1,8.5,56.8,0,0.8,15.2,1,2
27-03-2018,22603,9.3,7.8,75.9,4.19,5.1,30,3,2
28-03-2018,15800,6.2,4.4,83.7,11.39,3.6,19.7,3,2
29-03-2018,20237,5.8,3.8,83.7,3.02,3.2,25.1,3,2
30-03-2018,6362,6.2,4,89,11.01,4.5,18.3,3,2
31-03-2018,11032,6.1,3.7,82,0.4,3.3,18.4,3,2
01-04-2018,13504,6,4.3,73.8,0,1.6,18.4,1,2
02-04-2018,7998,8.4,7,90,11.99,6.8,20.8,3,2
03-04-2018,22708,11.4,11.3,82.8,2.8,8.5,25.9,3,2
04-04-2018,23173,10.3,9.4,79.7,0.8,6.9,33.4,3,2
05-04-2018,30508,8.5,6.6,58.6,0,0.4,29.1,1,2
06-04-2018,30690,11,9.8,63.5,0,3.9,26.8,1,2
07-04-2018,25909,12.9,12.9,72.7,0,8.1,24.4,1,2
08-04-2018,9759,10.6,10.6,90.9,2.62,9.1,9.8,3,2
09-04-2018,16324,9.1,7.6,94.4,7.67,8.2,13.9,3,2
10-04-2018,26751,10.7,10.1,89.6,8.39,9,18.1,3,2
11-04-2018,24883,9.7,9,90.5,4.41,8.2,15.6,3,2
12-04-2018,26473,8.8,7.2,91.1,0,7.4,16.2,1,2
13-04-2018,27363,9.1,8.5,83.9,0,6.5,14,1,2
14-04-2018,34235,12.9,12.8,72.8,0,7.8,15.7,1,2
15-04-2018,21324,12.1,12.1,80.3,0.2,8.8,21.3,3,2
16-04-2018,30730,11.7,11.3,68.3,0,5.8,24.9,1,2
17-04-2018,33025,14.7,14.7,60,0,6.9,31.9,1,2
18-04-2018,40544,17.9,17.9,62,0,9.7,20.4,1,2
19-04-2018,43585,20.2,20,53.1,0,9,15.3,1,2
20-04-2018,45048,19.8,19.8,59,0,11,10.3,1,2
21-04-2018,42328,17.1,17.1,68.6,0,11.1,14.7,1,2
22-04-2018,38395,17.8,17.8,69.9,3.03,11.7,24.2,3,2
23-04-2018,35940,12.5,12.2,68.1,0,6.6,25.3,1,2
24-04-2018,33430,13.4,13.4,75.5,0,9.1,28,1,2
25-04-2018,33426,11.8,11.3,68.9,0.8,6.1,30.6,3,2
26-04-2018,34995,10.8,9.7,66.3,0,4.3,26.6,1,2
27-04-2018,21387,9.8,9.1,85.9,6.95,7.5,19,3,2
28-04-2018,17368,9.2,7.8,88.5,4.81,7.4,13.9,3,2
29-04-2018,15822,7.6,5.2,82.7,0,4.9,25.5,1,2
30-04-2018,17112,7.1,4,73.9,8.39,2.6,29.7,3,2
01-05-2018,34598,9,7.8,63.6,0,2.1,26.9,1,2
02-05-2018,23727,10.3,9.2,76.7,3.02,6.3,29.2,3,2
03-05-2018,35477,11.1,10.9,67.5,0,4.7,15.8,1,2
04-05-2018,36447,15,15,61.3,0,7.3,12.1,1,2
05-05-2018,39070,15.6,15.6,55.6,0,5.9,13.4,1,2
06-05-2018,40606,17.5,17.5,52.3,0,7.2,15.4,1,2
07-05-2018,45435,19.4,19.3,53.3,0,8.7,13.9,1,2
08-05-2018,41579,18.7,18.7,63.1,0,10.9,23.9,1,2
09-05-2018,41130,15.4,15.4,63.7,0,8,22.1,1,2
10-05-2018,38054,13.7,13.7,59.8,1.99,5.3,20.7,3,2
11-05-2018,38386,13.5,13.3,60.2,0,5.5,23.9,1,2
12-05-2018,16717,12.7,12.7,81.1,4.02,9.5,9.9,3,2
13-05-2018,29190,13,12.9,69.4,2,6.9,11.8,3,2
14-05-2018,38095,15.2,15.2,50.9,0,4.7,23.6,1,2
15-05-2018,42106,16.8,16.8,54.5,0,7.5,19.2,1,2
16-05-2018,34627,13.1,13,66.6,0,6.9,26.6,1,2
17-05-2018,37549,12,11.2,62.9,0,4.7,18.5,1,2
18-05-2018,37305,12.4,12.2,59.8,0,4.2,10.4,1,2
19-05-2018,36895,14.4,14.4,65,0,7,13.9,1,2
20-05-2018,39964,14.6,14.5,69.6,0,8.5,14,1,2
21-05-2018,38800,16.3,16.3,67.2,0,9.7,13.1,1,2
22-05-2018,41242,17,17,63.2,0,9.8,22.9,1,2
23-05-2018,38229,14.1,14.1,73.5,0,9.3,21.8,1,2
24-05-2018,31970,15.2,15.2,80.2,2.45,11.7,15.9,3,2
25-05-2018,35108,16.3,16.3,78.7,0.01,12.6,11.1,3,2
26-05-2018,33573,20.3,20.3,72.6,0,14.8,27.4,1,2
27-05-2018,33192,20.9,20.9,73.1,13.97,15.4,15.9,3,2
28-05-2018,36742,19.8,19.8,78.9,0,15.8,14.1,1,2
29-05-2018,24312,15.6,15.6,89.3,23.94,13.8,18.7,3,2
30-05-2018,34884,16.2,16.2,86.3,0.43,13.9,12.2,3,2
31-05-2018,37677,18.6,18.6,84.6,0,15.9,15.4,1,2
01-06-2018,37293,18.8,18.8,80.3,0,15.3,17.2,1,3
02-06-2018,38293,18.8,18.8,73.9,0,13.6,14.8,1,3
03-06-2018,39871,20.2,20.2,65.2,0,12.7,13.5,1,3
04-06-2018,35255,16.5,16.5,82.6,0,13.4,16,1,3
05-06-2018,37048,14.7,14.7,75.8,0,10.4,17.2,1,3
06-06-2018,41592,15.8,15.6,67.3,0,9.4,14.9,1,3
07-06-2018,37841,17.1,17.1,71,0,11.8,14.3,1,3
08-06-2018,39576,18,18,66.4,0,11.4,13,1,3
09-06-2018,36466,17.1,17.1,72.2,0,11.9,13.6,1,3
10-06-2018,38562,17.7,17.7,73.9,0,12.9,15.4,1,3
11-06-2018,41027,18,18,63.8,0,10.3,16.3,1,3
12-06-2018,38487,15.1,15.1,73.2,0,10.2,15,1,3
13-06-2018,40569,16.1,16.1,64,0,8.9,25.1,1,3
14-06-2018,37871,17.7,17.7,67.4,0.2,11.1,25.8,3,3
15-06-2018,39862,18,18,56.5,0,8.8,19,1,3
16-06-2018,31329,16.8,16.8,62.4,0,9.5,26.4,1,3
17-06-2018,26769,15.7,15.7,72,0.2,10.5,23.1,3,3
18-06-2018,39768,19.2,19.2,71.1,0.2,13.4,26.4,3,3
19-06-2018,41862,20.6,20.6,71,0,15,20.8,1,3
20-06-2018,41134,19.4,19.4,76,0,14.8,21.5,1,3
21-06-2018,41533,16.5,16.5,47.4,0,4.8,21.8,1,3
22-06-2018,41765,16.8,16.8,51.6,0,6.1,12.3,1,3
23-06-2018,38772,18.1,18.1,51,0,6.2,16.8,1,3
24-06-2018,38982,20,20,47.2,0,8.1,12.3,1,3
25-06-2018,44565,21.9,21.5,50.5,0,9.8,13.1,1,3
26-06-2018,46084,21.1,21.1,57.5,0,11.8,17.6,1,3
27-06-2018,44788,18.9,18.9,65.1,0,11.7,17.6,1,3
28-06-2018,43075,19.4,19.4,65.8,0,12.2,19.7,1,3
29-06-2018,43081,20.2,20.2,60.9,0,11.6,21.8,1,3
30-06-2018,38522,20.3,20.3,55.8,0,10.3,23.6,1,3
01-07-2018,37334,23.2,23,49.2,0,11.3,19,1,3
02-07-2018,42556,23.1,22.9,39.6,0,8,24.7,1,3
03-07-2018,44655,20.5,20.5,47.9,4.96,8.5,23.4,3,3
04-07-2018,43511,19.9,19.9,63.1,0,12.4,0.1,1,3
05-07-2018,44052,22.6,22.5,63.7,0.01,14.6,0.1,3,3
06-07-2018,43143,23.6,23.4,58.3,0,13.7,10.4,1,3
07-07-2018,36308,24.6,24.4,56.2,0,14.3,16.1,1,3
08-07-2018,38196,24.2,23.9,51.3,0,12.9,17.9,1,3
09-07-2018,41893,23.1,23,56.5,0,13.4,20.4,1,3
10-07-2018,43535,18.3,18.3,61.3,0,10.5,17.6,1,3
11-07-2018,44003,18.3,18.3,67.4,0,11.9,14.3,1,3
12-07-2018,41826,19.3,19.3,66.7,0,12.5,12.1,1,3
13-07-2018,38879,20.4,20.3,66.9,0.02,13.4,13.7,3,3
14-07-2018,37733,21.5,21.5,61.7,1.98,13.2,15.7,3,3
15-07-2018,37299,23.4,23,50,0,11.1,13.6,1,3
16-07-2018,41828,23.6,23.3,47.3,0.99,11,19.8,3,3
17-07-2018,43392,19.8,19.8,56.9,0,10.6,20.5,1,3
18-07-2018,43183,20.6,20.6,57.3,1.98,11.4,10.7,3,3
19-07-2018,42857,21.4,21.4,53.9,0,10.9,14.3,1,3
20-07-2018,40297,21,21,55.9,0,11.8,15.5,1,3
21-07-2018,38763,22.4,22.4,61.1,0,13.9,15.1,1,3
22-07-2018,37683,23.1,23,56.1,0,13.3,16.4,1,3
23-07-2018,42509,25.2,25.1,52.7,0,14.4,17.6,1,3
24-07-2018,44195,24,24,60.3,0,15.1,21.9,1,3
25-07-2018,44870,24.8,24.7,54.9,0,14.5,12.4,1,3
26-07-2018,43343,26.8,26.6,56.4,0,16,21.3,1,3
27-07-2018,34606,24.5,24.5,60.1,5.99,15.7,19.4,3,3
28-07-2018,41145,19.7,19.7,60.7,0.2,11.4,35.3,3,3
29-07-2018,18974,18.2,18.2,81.2,5.01,14.9,30.1,3,3
30-07-2018,38274,20.3,20.3,72.3,0.2,14.9,26.2,3,3
31-07-2018,42260,19.9,19.9,65.4,4.26,12.7,21.5,3,3
01-08-2018,43691,19.9,19.9,61.1,0,11.4,17.4,1,3
02-08-2018,43292,22.2,22.3,61.3,0,13.9,11.5,1,3
03-08-2018,40908,25.8,25.7,58.8,0,16.3,16.8,1,3
04-08-2018,39318,24.1,24,57.8,0,14.7,14.9,1,3
05-08-2018,40220,22.5,22.5,62.6,0,14.2,15.2,1,3
06-08-2018,41963,24.2,23.9,54.6,0,13.2,13.7,1,3
07-08-2018,40954,23.9,23.8,58.5,0,14.7,20.7,1,3
08-08-2018,42676,19.8,19.8,56.8,0.8,10.6,25.8,3,3
09-08-2018,20574,15.7,15.7,84.5,11.96,13,12.8,3,3
10-08-2018,29253,15,15,79.5,13,11.2,20.7,3,3
11-08-2018,33214,15.9,15.9,71.7,0,10.2,19.4,1,3
12-08-2018,23113,18.8,18.8,73.1,0.4,13.8,23.1,3,3
13-08-2018,36510,19.4,19.4,76.3,1.01,14.8,18.4,3,3
14-08-2018,40735,19.6,19.6,66,0,12.8,20.7,1,3
15-08-2018,40930,19.7,19.7,70.1,0,14.1,24.3,1,3
16-08-2018,28400,17.4,17.4,82.4,14.99,14.3,22.9,3,3
17-08-2018,36869,17,17,68.5,0,10.6,21.1,1,3
18-08-2018,31691,18.7,18.7,71.9,0,13.5,19.8,1,3
19-08-2018,32209,20.9,20.9,72.9,0,15.7,24.7,1,3
20-08-2018,37839,21.6,21.6,71.1,0,16.1,17.2,1,3
21-08-2018,40293,21.8,21.8,69,0,15.7,16.1,1,3
22-08-2018,38401,18.9,18.9,80.3,0,15.4,16.4,1,3
23-08-2018,34492,19.3,19.3,72.6,1,14,24.9,3,3
24-08-2018,27839,14.7,14.7,67.6,4.96,8.3,27.1,3,3
25-08-2018,25490,13.1,12.5,72.8,5.77,7.9,16.4,3,3
26-08-2018,8177,14.1,14.1,86.3,11.96,11.8,26.6,3,3
27-08-2018,25059,16.8,16.8,73.2,0.6,11.8,23.4,3,3
28-08-2018,34791,17.4,17.4,66.2,0,10.9,12.5,1,3
29-08-2018,27070,16.3,16.3,77,5,12,14.2,3,3
30-08-2018,37001,16.1,16.1,59.8,0,8,10.8,1,3
31-08-2018,35209,16.8,16.8,70,0,11,12.7,1,3
01-09-2018,35326,18,18,63.3,0,10.2,15.4,1,4
02-09-2018,35048,17.7,17.7,62.3,0,9.5,12.1,1,4
03-09-2018,36068,17.9,17.9,68.9,0,11.3,10,1,4
04-09-2018,36581,16.8,16.8,72.7,0,11.7,15.8,1,4
05-09-2018,36059,17.3,17.3,71.7,0,12,15.5,1,4
06-09-2018,34778,16.5,16.5,71.1,0,10.9,19.1,1,4
07-09-2018,35451,14.1,13.9,61.7,0,6.4,25.1,1,4
08-09-2018,28318,14.8,14.8,73.1,0,9.9,21.6,1,4
09-09-2018,30598,18.3,18.3,69.5,0,12.4,24.9,1,4
10-09-2018,36965,17.3,17.3,70,0,11.4,25,1,4
11-09-2018,37221,19,19,79,0,15.3,26.1,1,4
12-09-2018,33403,14.2,14.2,81.3,2,10.9,14.2,3,4
13-09-2018,38708,13.8,13.8,70.1,0.2,7.5,16.7,3,4
14-09-2018,35332,14.2,14.2,71.5,0,9,23.7,1,4
15-09-2018,33465,15.7,15.7,73.6,0,10.5,15.5,1,4
16-09-2018,32055,17.9,17.9,70.6,0,12.1,11.1,1,4
17-09-2018,39190,20.6,20.6,63.4,0,12.7,23.2,2,4
18-09-2018,38360,19.6,19.6,68.5,0,13.5,31.1,2,4
19-09-2018,37027,19.4,19.4,72.8,0,14.4,36,1,4
20-09-2018,35317,19.1,19.1,74.5,0.2,14.5,35.9,3,4
21-09-2018,32942,14.5,14.5,66.8,4.81,8.3,39.3,3,4
22-09-2018,12376,11.6,11.6,84.9,6,9.1,15.7,3,4
23-09-2018,13192,11.1,10.9,79.2,15.58,7.3,21.6,3,4
24-09-2018,34563,10.3,10,69.9,0,4.3,14.1,1,4
25-09-2018,36730,10.8,10.8,71.3,0,5.1,7.8,1,4
26-09-2018,39281,13.7,13.7,68.4,0,7.1,14.7,1,4
27-09-2018,39835,15.4,15.4,67.9,0,8.4,16.3,1,4
28-09-2018,35817,14.2,14.2,61.8,0,6.7,19.3,1,4
29-09-2018,32941,11.8,11.8,68.8,0,5.8,6.3,1,4
30-09-2018,25254,11.1,10.9,72.5,0,6,14.4,1,4
01-10-2018,34411,11.4,11.1,61.5,0,3.9,18.3,1,4
02-10-2018,37515,15.6,15.6,70.3,0,10.2,23.8,1,4
03-10-2018,38434,15.2,15.2,75.7,0,10.8,16.8,1,4
04-10-2018,36930,13.3,13.3,88.7,0,11.5,16.5,1,4
05-10-2018,39569,15.3,15.3,81.8,0,11.8,10.9,1,4
06-10-2018,10043,10.9,10.1,90.9,10.01,9.4,23,3,4
07-10-2018,25713,9.9,8.9,72.3,0.2,5,21.4,3,4
08-10-2018,35156,11.7,11.5,74.2,0,7.2,18.5,1,4
09-10-2018,39132,14.4,14.4,76,0,9.8,19.1,1,4
10-10-2018,39398,16,16,82.2,0,12.7,18.8,1,4
11-10-2018,35875,17.5,17.5,77.7,0.01,13.5,25.2,3,4
12-10-2018,35747,18.3,18.3,68.5,0.41,12.1,34.7,3,4
13-10-2018,36393,21.4,21.4,64.3,0,14.4,28.4,1,4
14-10-2018,10292,14.1,14.1,87.4,7.03,12,19.5,3,4
15-10-2018,28044,13,13,94.8,19.23,12.2,13.9,3,4
16-10-2018,37920,16.4,16.4,83.9,0,13.6,19.1,1,4
17-10-2018,30482,13.6,13.6,89.7,1,12,11.5,3,4
18-10-2018,35206,12.9,12.9,76.8,0,8.9,15.6,1,4
19-10-2018,34707,10.7,10.7,76,0,6.4,5.4,1,4
20-10-2018,32588,11.6,11.6,83.9,0,8.7,10.8,1,4
21-10-2018,32484,13.6,13.6,82.1,0,10.3,18.6,1,4
22-10-2018,34430,10.7,10.5,65.6,0,4.4,18.5,1,4
23-10-2018,34889,10.9,10.4,74.9,0,6.4,19.9,1,4
24-10-2018,35656,13.4,13.4,79.4,0,9.7,17.1,1,4
25-10-2018,34640,10.1,9.6,80.8,0,6.8,13.8,1,4
26-10-2018,27636,9.5,8.5,72.1,0.8,4.7,23.9,3,4
27-10-2018,18756,5.4,2.4,72.7,0,0.9,20.5,1,4
28-10-2018,13675,6.6,4.1,79.3,3.98,3.1,23.6,3,4
29-10-2018,29409,5.9,3.4,74.2,0,1.5,18.5,1,4
30-10-2018,30269,7.3,4.5,78,0,3.7,21.8,1,4
31-10-2018,32891,7.6,7.3,77.9,0,3.7,19.9,1,4
01-11-2018,23475,9.7,9.2,93,6.8,8.6,16.5,3,4
02-11-2018,31083,5.6,4.4,81.7,0,2.5,13.3,1,4
03-11-2018,25142,9.4,8.4,72.2,0,4.6,28.2,1,4
04-11-2018,21829,10.5,9.8,76.4,0,6.6,17.2,1,4
05-11-2018,31421,11.4,11,89.2,0,9.7,12.2,1,4
06-11-2018,33038,13,12.8,87.1,0.2,10.8,24.8,3,4
07-11-2018,27656,12.4,12.3,83.9,3.06,9.7,31.7,3,4
08-11-2018,32933,10,8.9,76.1,0.6,5.9,27.2,3,4
09-11-2018,27403,10.5,9.8,84.6,0.4,7.9,31.1,3,4
10-11-2018,14732,11,10.5,90.8,24.96,9.5,24,3,4
11-11-2018,18455,10.6,10.1,83.2,16.96,7.8,24.3,3,4
12-11-2018,26077,11,10.9,87.4,8.97,8.9,24.8,3,4
13-11-2018,32062,10.7,10,79.6,0.01,7.2,23.2,3,4
14-11-2018,33339,11.5,11.5,82.6,0.2,8.6,19.7,3,4
15-11-2018,33043,12.7,12.7,91.1,0,11.3,14.6,1,4
16-11-2018,28581,10.3,9.8,94.7,0,9.5,13.6,1,4
17-11-2018,20518,9,7.2,82.6,0,6.2,20.2,1,4
18-11-2018,9585,8.3,6.7,73.7,0,3.8,23.8,1,4
19-11-2018,18246,7.3,4.2,74.2,0.2,2.9,23,3,4
20-11-2018,15237,4.5,1.3,86.9,10.96,2.5,21.5,3,4
21-11-2018,25022,4,1.9,85,4.99,1.6,18.8,3,4
22-11-2018,26112,4.1,3.1,86.3,0,2,9.9,1,4
23-11-2018,25881,7.2,5.5,89.2,0,5.6,13.6,1,4
24-11-2018,15813,8.7,6.5,83.5,0.6,6.1,17.7,3,4
25-11-2018,14529,7.5,5.1,78.8,0,4.1,19.5,1,4
26-11-2018,27509,7.1,5.1,80,0,3.9,14.4,1,4
27-11-2018,22128,6.5,4.7,92.9,3.02,5.4,23.8,3,4
28-11-2018,22846,12.2,12,91.5,3.81,10.8,33.1,3,4
29-11-2018,25714,12.3,12.2,81,1.22,9.2,39.6,3,4
30-11-2018,28615,9.3,7.9,78.4,0.4,5.6,22.9,3,4
01-12-2018,14046,10.5,9.8,87.4,5.01,8.5,23.7,3,1
02-12-2018,15990,13.7,13.7,87.3,0.82,11.7,25.6,3,1
03-12-2018,25801,11.3,10.8,81.2,3.98,8.2,27.2,3,1
04-12-2018,28982,6.1,5.3,84.7,0,3.6,10,1,1
05-12-2018,23816,10.2,9.2,93,1.62,9.1,20.8,3,1
06-12-2018,16600,12.2,12.2,87.9,0.2,10.3,24.9,3,1
07-12-2018,18608,10.7,9.3,81.9,8,7.7,33.9,3,1
08-12-2018,16515,9.8,7.6,76,0.8,5.8,39.4,3,1
09-12-2018,15441,9.4,7.7,75.3,1.2,5.2,38,3,1
10-12-2018,27880,7.7,5.6,81.6,0,4.7,17.5,1,1
11-12-2018,28904,5.8,5.1,88.1,0,3.9,10.6,1,1
12-12-2018,27494,6.5,3.8,74.8,0,2.2,20.3,1,1
13-12-2018,25997,3.4,0,75.7,0,-0.5,22.7,1,1
14-12-2018,24076,3.2,1.8,68.5,0,-2,13.8,1,1
15-12-2018,8076,3.3,-1.1,79.1,10.98,0,27.2,3,1
16-12-2018,12123,6.9,4.8,89.6,1,5.3,19.4,3,1
17-12-2018,24973,7.4,5.2,87.9,5,5.5,18.2,3,1
18-12-2018,20180,9.9,9,81.3,2.01,6.8,30.2,3,1
19-12-2018,22425,8,5.7,86.4,5.16,5.9,16.9,3,1
20-12-2018,23694,8.5,6.5,81.2,0.2,5.5,21.2,3,1
21-12-2018,19169,11.4,11.4,81.6,6.21,8.3,40.6,3,1
22-12-2018,13310,9.9,8.8,81.5,0.8,6.8,33,3,1
23-12-2018,6748,9.4,8.2,91.6,3.6,8.1,23.2,3,1
24-12-2018,10043,6.1,5.6,86.9,2,4.1,9.7,3,1
25-12-2018,35267,5.7,5.1,90.9,0.2,4.3,7.3,3,1
26-12-2018,10841,8,7.3,89.9,0,6.4,11.5,1,1
27-12-2018,12310,5.4,5.3,94.2,0,4.5,5,1,1
28-12-2018,13794,7.9,7.4,86.3,0,5.7,13.2,1,1
29-12-2018,13100,10,9.1,87.7,0,8.1,28.3,1,1
30-12-2018,12922,9.2,8.5,93.3,0.2,8.1,15.4,3,1
31-12-2018,16305,8.7,7.1,83.2,0,6,14.5,2,1
01-01-2019,14148,8.8,7.3,73.9,0,4.4,17.7,1,1
02-01-2019,19746,5.8,4,68.8,0,0.5,12.5,1,1
03-01-2019,21552,5.1,4.4,66.3,0,-0.7,8.1,1,1
04-01-2019,20863,3.6,2.3,69.8,0,-1.4,12.1,1,1
05-01-2019,13907,5.1,3.1,73.8,0,0.8,14.3,1,1
06-01-2019,14262,7.7,6.5,78.5,0,4.2,13.1,1,1
07-01-2019,25668,9.6,8.8,81.7,0,6.6,26.2,1,1
08-01-2019,27757,7.9,5.4,66.3,0,2,22,1,1
09-01-2019,26568,4.8,1.7,73.9,0,0.5,19.9,1,1
10-01-2019,26022,4.1,2.2,83.1,0,1.4,10.8,1,1
11-01-2019,26378,7.9,6.5,79.1,0,4.5,11.6,1,1
12-01-2019,16750,9,6.9,77.6,0,5.3,24.9,1,1
13-01-2019,16304,10.7,10.5,74.6,0,6.3,32.8,1,1
14-01-2019,28097,8.4,5.9,68.1,0,2.8,25.1,1,1
15-01-2019,29413,7,4.4,80.6,0,3.9,22.1,1,1
16-01-2019,24500,7.8,4.9,88.7,3,6.1,24.6,3,1
17-01-2019,26053,4,1,72.7,0.6,-0.7,21.4,3,1
18-01-2019,25525,3,0.8,71.8,0,-1.6,21.2,1,1
19-01-2019,16653,4.2,1,78.1,0,0.8,18.5,1,1
20-01-2019,16803,2.9,1.6,76.1,0,-1,10.7,1,1
21-01-2019,26567,2.5,1.1,83.1,0,-0.1,19.2,1,1
22-01-2019,23083,3.6,1.3,86.6,1.03,1.5,22.2,3,1
23-01-2019,25406,1.8,-0.2,83,1.99,-0.8,14.9,4,1
24-01-2019,24357,1.7,1,91.5,0.8,0.5,7.9,3,1
25-01-2019,24198,6.8,5.4,91.2,1.2,5.4,19.9,3,1
26-01-2019,15062,8.4,5.8,85.9,0.4,6.2,28.6,3,1
27-01-2019,10596,6.1,1.9,74.6,5.79,1.8,36.9,3,1
28-01-2019,25859,3.2,-0.3,65.3,0,-2.9,25,1,1
29-01-2019,24732,2.7,0.5,78.8,0,-0.7,14,1,1
30-01-2019,25482,1.6,0,82.5,4.99,-1.2,13.1,3,1
31-01-2019,23487,0.7,-1.9,85.2,0.2,-1.7,25.5,3,1
01-02-2019,12841,2,-2.6,91.4,6.38,0.7,22.6,4,1
02-02-2019,14136,3.2,-0.6,77.1,6.96,-0.6,20.5,3,1
03-02-2019,14637,2.5,-0.1,75.5,0,-1.5,19.3,1,1
04-02-2019,18254,7.3,4.4,90.8,5.6,5.9,29.9,3,1
05-02-2019,25682,7,4.9,92.4,0.2,5.9,21.2,3,1
06-02-2019,26197,9.3,7.9,89.9,4.19,7.7,18.9,3,1
07-02-2019,26703,8.1,4.6,72.4,3.21,3.4,40.6,3,1
08-02-2019,17468,9.5,7.7,85,4.03,7.2,39.5,3,1
09-02-2019,17439,8.5,5.3,69.9,1,3.3,42.3,3,1
10-02-2019,10800,6.2,3.1,83.1,0.61,3.5,27.3,3,1
11-02-2019,27439,6,4.4,74.1,0,1.6,16.6,1,1
12-02-2019,28786,7.1,5.8,80.6,0,3.9,19.1,1,1
13-02-2019,29145,8.1,6.6,82.2,0,5.2,20.6,1,1
14-02-2019,29270,7.2,6.6,78.3,0,3.2,12.5,1,1
15-02-2019,28838,7.7,7.2,76.1,0.2,3.3,13.9,3,1
16-02-2019,20560,9.2,8.4,88.6,0,7.4,15.5,1,1
17-02-2019,24383,9.7,8.8,81.8,0,6.6,23.2,1,1
18-02-2019,23815,8.6,6.8,86.2,2,6.4,16.1,3,1
19-02-2019,28927,7.4,5.6,78.3,0,3.7,20.9,1,1
20-02-2019,28971,9.1,7.5,77.9,0,5.4,24.2,1,1
21-02-2019,30474,10.4,9.6,81.8,0,7.3,17.6,1,1
22-02-2019,29703,9.6,9,83.5,0,6.7,11,1,1
23-02-2019,29242,10.4,9.7,81.1,0,6.9,13.2,1,1
24-02-2019,26092,9.3,9.2,73.1,0,4.2,9.6,1,1
25-02-2019,31480,10.3,10.1,62.3,0,2.3,11.4,1,1
26-02-2019,34996,10.8,10.7,65.8,0,4.1,11.5,1,1
27-02-2019,35420,10.6,10.5,74.3,0,5.6,11.8,1,1
28-02-2019,27219,9.8,9.2,86.2,0.4,7.5,26.3,3,1
01-03-2019,28255,9.8,8.7,80.1,1.99,6.4,14.2,3,2
02-03-2019,22795,10.9,10.3,81.3,0,7.8,32.7,1,2
03-03-2019,9641,11.2,10.9,84.1,3,8.6,39.6,3,2
04-03-2019,26532,7.1,4,76,6.81,3.1,34.4,3,2
05-03-2019,29701,7.9,6.2,75.5,0,3.6,24.8,1,2
06-03-2019,25449,11,10.3,81.8,0.64,8,30.1,3,2
07-03-2019,24884,8.5,5.5,73,0.2,3.8,49.6,3,2
08-03-2019,23635,7.6,5.3,80,0.8,4.3,25.8,3,2
09-03-2019,19951,9.8,8.3,69.5,1,4.1,41.2,3,2
10-03-2019,12111,7.5,5.1,74.5,2.64,2.7,51.6,3,2
11-03-2019,27725,7.1,4.2,61,3,-0.2,30.9,3,2
12-03-2019,21718,7.3,3.3,83.5,8.41,4.7,38.6,3,2
13-03-2019,26816,8.8,6.1,63.6,0.2,2.2,41,3,2
14-03-2019,23699,10.5,9.1,72.2,2.04,5.4,41.6,3,2
15-03-2019,26123,12.4,12.2,79.5,4.39,8.9,46.5,3,2
16-03-2019,14594,10.9,10.3,80.4,0.21,7.6,42.4,3,2
17-03-2019,14390,6.9,3.5,73.4,6,2.2,33,3,2
18-03-2019,27824,7.2,5.5,75.5,0.6,3,16.9,3,2
19-03-2019,27683,9.5,9,84.4,0.8,6.9,15.4,3,2
20-03-2019,30485,11.1,10.9,80.3,0,7.8,15.4,1,2
21-03-2019,31307,11.8,11.4,79.3,0,8.3,13.9,1,2
22-03-2019,28229,10.2,9.5,79.3,0,6.8,14.8,1,2
23-03-2019,25897,10.2,9.7,70.6,0,4.9,14.4,1,2
24-03-2019,27408,9.2,8.9,63.8,0,2,20.3,1,2
25-03-2019,31215,9.3,8.2,58.4,0,1.3,22.9,1,2
26-03-2019,31955,8.3,7.7,67.2,0,2.2,14.7,1,2
27-03-2019,31263,10.1,9.9,61.2,0,2.9,12.4,1,2
28-03-2019,32315,11.3,11.2,58.7,0,3.4,12.3,1,2
29-03-2019,35321,10.8,10.7,67.5,0,4.5,10.8,1,2
30-03-2019,33026,13.1,13.1,66.1,0,6.1,13.2,1,2
31-03-2019,20325,9.9,8.5,68.9,0,4.4,24.5,1,2
01-04-2019,31834,8.8,7.5,68,0,2.9,17.6,1,2
02-04-2019,24529,6.3,4.7,85.2,0.61,3.9,20.1,3,2
03-04-2019,27059,5.5,4.6,73.5,0.8,0.9,17.1,3,2
04-04-2019,25493,6.3,3.4,74.9,0.81,2.1,30.7,3,2
05-04-2019,27536,9.9,8.5,59.8,0,2.1,24.4,1,2
06-04-2019,20423,9,7.2,79.3,0,5.6,18.4,1,2
07-04-2019,16897,9.2,8.1,86.9,0.2,7.1,13.6,3,2
08-04-2019,26527,10,9.7,84.9,0.8,7.6,8.6,3,2
09-04-2019,25534,9.5,8.2,83.1,1.21,6.7,20.7,3,2
10-04-2019,31699,8.7,6.7,61.6,0,1.4,23.6,1,2
11-04-2019,30961,7,5.3,58.5,0,-0.8,17.2,1,2
12-04-2019,27403,6.9,5.3,57.8,0,-1,16.5,1,2
13-04-2019,19856,5.9,3.7,63.3,0.2,-0.7,18.2,3,2
14-04-2019,20896,6.1,4.1,61.3,0,-1.2,21.5,1,2
15-04-2019,30837,9.3,8.1,61.9,0,2,27.3,1,2
16-04-2019,31842,11.7,11.5,70.2,0.21,6.3,15.9,3,2
17-04-2019,37203,12.9,12.7,67.3,0,6.7,16.5,1,2
18-04-2019,36574,14.3,14,65.8,0,7.1,23.4,1,2
19-04-2019,36505,16.2,16.2,52.2,0,5.7,16.8,1,2
20-04-2019,38712,16.9,16.9,50.9,0,5.9,14,1,2
21-04-2019,36686,16.1,16.1,46.8,0,4,17.9,1,2
22-04-2019,35435,16.4,16.4,52.1,0,6,20.6,1,2
23-04-2019,34948,15.8,15.8,57.7,0,7.4,15,1,2
24-04-2019,34593,14,14,67.8,0.4,8.2,27.7,3,2
25-04-2019,34494,12.5,12.5,66.8,0.4,6.3,28.1,3,2
26-04-2019,32006,11.6,11.3,71.5,0,6.3,27.6,1,2
27-04-2019,18379,10.1,8.5,62,0.4,2.9,43.5,3,2
28-04-2019,22631,10.8,9.6,63.4,0.2,4,23.4,3,2
29-04-2019,33748,10.7,10.5,71.9,0,5.6,11.3,1,2
30-04-2019,38908,11.9,11.8,70.3,0,6.3,12.3,1,2
01-05-2019,37952,12.4,12.3,69.3,0,6.6,17.2,1,2
02-05-2019,32563,12.7,12.7,70,1.99,7.1,20,3,2
03-05-2019,28182,10.2,9.8,79,4.97,6.7,18.2,3,2
04-05-2019,19806,7.9,5.6,64.3,1.2,1.4,31.1,3,2
05-05-2019,22896,8.5,7.3,58.4,0,0.4,16.5,1,2
06-05-2019,22472,9.8,9.1,53.8,0,0.7,17.6,1,2
07-05-2019,34646,11.5,11.3,54.2,0,2.1,19,1,2
08-05-2019,20276,11.2,10.7,79.4,8.24,7.6,33.6,3,2
09-05-2019,28404,10.9,10.8,84.8,5.03,8.4,18.1,3,2
10-05-2019,34078,11.4,11.2,71.6,2,5.9,11.8,3,2
11-05-2019,25475,11.7,11.6,70.7,0.81,6.4,17,3,2
12-05-2019,31836,11.5,11.4,60.6,0,3.4,19.6,1,2
13-05-2019,37537,11.7,11.7,60.6,0,3.7,19.8,1,2
14-05-2019,39647,12.9,12.7,57.4,0,4.1,20.5,1,2
15-05-2019,39054,13.5,13.3,60.7,0,5.4,16.8,1,2
16-05-2019,38408,13,12.7,57.7,0,4.1,23.1,1,2
17-05-2019,29846,12,11.9,76.6,0,8,17.4,1,2
18-05-2019,28138,13.4,13.4,74.8,0.6,8.8,9.3,3,2
19-05-2019,26727,14.1,14.1,75.1,0.2,9.5,10,3,2
20-05-2019,36072,16,16,65,0.2,9.2,12.5,3,2
21-05-2019,41251,16.2,16.2,52.8,0,6,13.3,1,2
22-05-2019,40312,16.3,16.3,45.8,0,4.5,15.6,1,2
23-05-2019,41314,17.3,17.3,48.8,0,5.8,20.5,1,2
24-05-2019,37280,17,17,58.4,0,8.4,16.3,1,2
25-05-2019,33151,18.4,18.4,59,0.99,9.7,16.6,3,2
26-05-2019,26802,17.7,17.7,69.6,0,12.1,26,1,2
27-05-2019,28309,14.5,14.5,62.6,0,7,25.2,1,2
28-05-2019,34443,13.3,13.3,65,0.21,6.7,20,3,2
29-05-2019,31203,13.1,13.1,77.8,0.61,9.1,22.3,3,2
30-05-2019,39450,18.7,18.7,69,0,12.7,25.3,1,2
31-05-2019,39017,17.3,17.3,66.5,0,11,19.4,1,2
01-06-2019,40800,19.5,19.5,59.2,0,10.5,17,1,3
02-06-2019,33865,21.2,21.2,60.3,0,12.6,26.7,1,3
03-06-2019,37306,16,16,58.8,0,7.6,23.5,1,3
04-06-2019,31948,14.5,14.5,78.4,0.22,10.7,20,3,3
05-06-2019,38033,15.3,15.3,65.4,0,8.5,19.6,1,3
06-06-2019,38141,14.6,14.5,58.7,0.79,5.9,24.1,3,3
07-06-2019,25122,14.6,14.6,73.9,2.02,9.9,20.8,3,3
08-06-2019,26656,14.9,14.9,67.8,5.01,8.4,34.5,3,3
09-06-2019,29311,14.6,14.6,63.6,0,7.2,14.6,1,3
10-06-2019,13358,11.9,11.9,87.8,23.18,9.9,17.4,3,3
11-06-2019,34285,13.8,13.8,82.4,7.08,10.7,19.6,3,3
12-06-2019,25449,13,13,84,4.22,10.3,12,3,3
13-06-2019,26617,13.1,13.1,85.4,4.43,10.6,27.4,3,3
14-06-2019,33837,15.2,15.2,74.8,1.2,10.6,26.4,3,3
15-06-2019,28235,15.1,15.1,72.8,0,10.2,23.9,1,3
16-06-2019,26102,15.5,15.5,74.8,0.81,10.9,30.1,3,3
17-06-2019,38894,17,17,64,0,9.8,23.5,1,3
18-06-2019,29854,15.9,15.9,77,3.99,11.7,10.3,3,3
19-06-2019,33190,16.6,16.6,83.3,2.43,13.8,13.1,3,3
20-06-2019,38345,16.2,16.2,69.2,1,10.3,21.6,3,3
21-06-2019,38656,16.1,16.1,61.7,0,8.2,16,1,3
22-06-2019,36858,16.9,16.9,59.2,0,8.2,18.7,1,3
23-06-2019,30851,18.7,18.7,71,0,13.1,20.5,1,3
24-06-2019,38617,21.3,21.3,73.3,0,16.2,14.1,1,3
25-06-2019,38200,19.9,19.9,84.9,8.36,17.3,13.5,3,3
26-06-2019,39620,17.5,17.5,80.1,0,14,22.4,1,3
27-06-2019,41692,17.5,17.5,67.9,0,11.3,22.6,1,3
28-06-2019,39986,17.7,17.7,70.4,0,12.1,22.4,1,3
29-06-2019,38616,24.1,24,61.8,0,14.9,20,1,3
30-06-2019,33990,20.4,20.4,62.1,0,12.7,22.9,1,3
01-07-2019,39257,18.1,18.1,61.3,0,10.3,21.8,1,3
02-07-2019,42658,17.4,17.4,57.3,0,8.6,14.7,1,3
03-07-2019,43924,18,18,58.4,0,9.2,14.5,1,3
04-07-2019,44668,19.8,19.8,53.8,0,9.3,11.6,1,3
05-07-2019,42466,21.8,21.8,51.9,0,11.3,14.8,1,3
06-07-2019,34018,19.9,19.9,63.2,0,12.6,13.4,1,3
07-07-2019,29889,17.2,17.2,74.1,4.98,12.1,13.4,3,3
08-07-2019,39670,18,18,56.6,0,9.1,14.6,1,3
09-07-2019,41447,19,19,61.1,0,11.2,14.9,1,3
10-07-2019,42343,21,21,62.9,0,13.5,18.5,1,3
11-07-2019,41916,21.1,21.1,55.3,0,11.8,20.1,1,3
12-07-2019,41305,21.1,21.1,58.1,0,12.3,22.1,1,3
13-07-2019,36204,19.3,19.3,64.9,0,12.4,13.9,1,3
14-07-2019,27858,17.6,17.6,71.6,2.98,12.2,17.8,3,3
15-07-2019,39489,17,17,64.6,0,10.1,13.8,1,3
16-07-2019,43693,19.8,19.8,58.8,0,10.7,18.3,1,3
17-07-2019,41959,20.3,20.3,59.5,0,11.5,18.3,1,3
18-07-2019,34240,19.2,19.2,68.3,1.01,12.8,21,3,3
19-07-2019,25620,16.9,16.9,80,5.99,13.3,22.3,3,3
20-07-2019,31351,19.7,19.7,73.9,14.81,14.4,26.6,3,3
21-07-2019,33251,18.7,18.7,67.8,0,12.3,21,1,3
22-07-2019,40842,21.4,21.4,72.5,0,16.2,19.2,1,3
23-07-2019,44457,24.7,24.7,64.4,0,16.3,17.2,1,3
24-07-2019,42296,26.3,26.1,53.1,0,15.3,20.5,1,3
25-07-2019,39323,28.3,28.9,50.1,0.2,16.3,17.6,3,3
26-07-2019,31517,22.4,22.4,71.4,1.4,16.9,18.4,3,3
27-07-2019,19950,18.2,18.2,86,14.21,15.8,16.6,3,3
28-07-2019,29319,18.8,18.8,69.3,0,12.7,22.3,1,3
29-07-2019,41472,19.9,19.9,60.5,0,11.5,18.8,1,3
30-07-2019,27449,18.5,18.5,76.5,2.99,14.2,33.3,3,3
31-07-2019,38299,19.1,19.1,65.4,0.4,12,28.5,3,3
01-08-2019,39898,20.1,20.1,64.5,0,13,14.3,1,3
02-08-2019,38278,20.4,20.4,66.9,0,13.7,12.9,1,3
03-08-2019,39388,20.2,20.2,67.3,0,13.7,11.3,1,3
04-08-2019,34341,20.7,20.7,67.7,0,14.3,21.2,1,3
05-08-2019,34041,19.8,19.8,69.1,0.8,13.5,22.4,3,3
06-08-2019,39369,19.2,19.2,69.3,0,13.2,30.3,1,3
07-08-2019,37776,18.6,18.6,72.1,2.01,13.3,28.8,3,3
08-08-2019,40667,19.4,19.4,68.8,0,13.3,15.4,1,3
09-08-2019,30719,20.9,20.9,75.9,3.99,16.3,37.1,3,3
10-08-2019,25956,18.9,18.9,72.4,1.03,13.7,41.3,3,3
11-08-2019,29952,18.4,18.4,65.5,0,11.7,28.8,1,3
12-08-2019,29570,15.3,15.3,80.9,4.03,11.9,11.4,3,3
13-08-2019,39534,16.4,16.4,62.4,0,8.4,18.7,1,3
14-08-2019,19154,15.7,15.7,88.1,13.96,13.8,23.8,3,3
15-08-2019,38018,18.6,18.6,69.3,0.4,12.3,29.5,3,3
16-08-2019,23388,16.2,16.2,82.6,1.01,13.2,26.4,3,3
17-08-2019,29360,18.7,18.7,74.6,2.01,13.8,24.5,3,3
18-08-2019,24122,17.1,17.1,74.2,2.99,12.3,25.9,3,3
19-08-2019,33048,16.5,16.5,69.9,6.97,10.6,26.7,3,3
20-08-2019,39255,16,16,63.2,0,8.4,20.3,1,3
21-08-2019,38251,16.8,16.8,65.6,0,10,16.9,1,3
22-08-2019,38056,18.3,18.3,68.9,0,12.1,19.4,1,3
23-08-2019,35995,20.3,20.3,70.6,0,14.2,11.4,1,3
24-08-2019,30776,21.7,21.6,63.3,0,13.3,14.9,1,3
25-08-2019,31355,24,23.7,59,0,14.3,12.1,1,3
26-08-2019,33150,24.3,24.1,58,0,14.3,14.6,1,3
27-08-2019,37597,24.4,24.4,61.4,0,15.6,16.4,1,3
28-08-2019,36576,21,21,64.7,0,13.8,22.5,1,3
29-08-2019,38337,18.3,18.3,64.2,0,11,21.3,1,3
30-08-2019,37147,18.6,18.6,68.8,0,12.4,23.4,1,3
31-08-2019,30847,17.3,17.3,72,0,11.9,25.4,1,3
01-09-2019,29486,16,16,56.2,0,6.7,20.1,1,4
02-09-2019,35280,15.7,15.6,61.5,0,8,21.9,1,4
03-09-2019,37229,17.8,17.8,66.7,0,11.4,23.3,1,4
04-09-2019,33933,17.3,17.3,69.2,6.18,11,29.6,3,4
05-09-2019,36722,14.9,14.9,58.2,0,6.4,19.1,1,4
06-09-2019,31798,14.1,14.1,75.5,0.2,9.8,26.3,3,4
07-09-2019,28038,14.7,14.7,63.6,0,7.7,18.9,1,4
08-09-2019,27969,13.2,13.1,62.3,0,5.6,12.1,1,4
09-09-2019,29440,14,14,73.4,0.22,9.3,13.7,3,4
10-09-2019,36814,15.7,15.7,72.2,0,10.4,14.2,1,4
11-09-2019,35787,17.2,17.2,75.7,0,12.9,25.8,1,4
12-09-2019,38252,18.5,18.5,76.3,0,14.1,23.8,1,4
13-09-2019,37354,17.7,17.7,61,0,9.4,14.1,1,4
14-09-2019,34966,16.3,16.3,61.9,0,8.1,9,1,4
15-09-2019,33698,18.1,18.1,68.1,0,11.7,12.4,1,4
16-09-2019,32747,17.5,17.5,79.8,0.2,14,11.1,3,4
17-09-2019,39025,15.4,15.4,59.4,0,7.2,15.4,1,4
18-09-2019,38751,14.2,14.2,58.4,0,5.8,11.1,1,4
19-09-2019,38271,14.9,14.9,68.2,0,8.5,16.3,1,4
20-09-2019,37699,15.7,15.7,67,0,9,21.9,1,4
21-09-2019,36479,17.6,17.6,57.6,0,8.9,18,1,4
22-09-2019,24154,18.2,18.2,77.6,0.41,14.2,19.9,3,4
23-09-2019,30941,16.4,16.4,78.1,0.8,12.4,22.2,3,4
24-09-2019,21563,16.9,16.9,90.4,42.06,15.3,24.9,3,4
25-09-2019,32427,17.1,17.1,82.6,5.19,14,22.7,3,4
26-09-2019,28976,17,17,82,4.98,13.8,27.5,3,4
27-09-2019,29557,15.3,15.3,81.8,3.99,12.1,31.8,3,4
28-09-2019,24960,15.3,15.3,77.3,0,11.2,31.7,1,4
29-09-2019,15478,16.2,16.2,86.6,7.03,14,32.1,3,4
30-09-2019,27787,14.2,14.2,84.5,1.02,11.6,22,3,4
01-10-2019,24631,15.7,15.7,87.4,24.91,13.6,20.5,3,4
02-10-2019,33923,10.9,10.5,67.1,3.21,4.8,18.8,3,4
03-10-2019,32707,9.6,9.5,79.1,0,5.9,22.6,1,4
04-10-2019,32314,13.3,13.3,86,1.02,11,24.9,3,4
05-10-2019,26578,13.8,13.8,78.6,0,10.1,12.2,1,4
06-10-2019,21690,14.5,14.5,78.2,4.06,10.5,27.2,3,4
07-10-2019,28418,13.2,13.2,85.8,0.2,10.8,21.4,3,4
08-10-2019,32894,13.9,13.9,83,3.8,11,25.1,3,4
09-10-2019,34874,12.3,12.3,73.1,0,7.5,30.6,1,4
10-10-2019,35641,12.9,12.2,77.7,0,9,26.2,1,4
11-10-2019,25222,15.6,15.6,86.2,3.19,13.3,30.9,3,4
12-10-2019,10047,11.6,11.6,93.4,12.97,10.6,12.3,3,4
13-10-2019,16040,13.8,13.8,86.9,9.58,11.5,30.9,3,4
14-10-2019,22519,13.1,13.1,91.3,2.8,11.7,19.5,3,4
15-10-2019,34372,13.2,13.2,83.1,1.01,10.4,23.2,3,4
16-10-2019,30763,13,12.9,81.9,1.6,9.8,24.1,3,4
17-10-2019,30259,11.6,11.5,85.5,4,9.2,18.8,3,4
18-10-2019,29675,12.1,12,80.4,6.44,8.7,29.3,3,4
19-10-2019,25400,11.2,10.9,82.7,1.79,8.2,20.8,3,4
20-10-2019,20545,9.5,9.5,86,0.2,7.2,16.7,3,4
21-10-2019,24215,11.9,11.9,82.5,1.22,9,19.5,3,4
22-10-2019,33916,10.3,10.2,80.7,0,6.8,11.3,1,4
23-10-2019,31786,10.4,10.4,89.5,0.2,8.7,13.5,3,4
24-10-2019,23489,12,12,94.8,15.95,11.2,19.5,3,4
25-10-2019,28988,13.3,13.2,85.6,0.2,10.9,40,3,4
26-10-2019,14397,14.2,13.8,82.7,3.01,11.3,35.6,3,4
27-10-2019,22155,8.1,7.3,76,0.6,3.9,11.1,3,4
28-10-2019,30208,7.6,7,81,0,4.5,14.6,1,4
29-10-2019,31225,9.3,8,74.1,0,4.9,16.5,1,4
30-10-2019,32157,9.8,8.6,71.2,0,4.7,25,1,4
31-10-2019,30951,9,7.7,80,0,5.7,20,1,4
01-11-2019,25128,13.1,12.9,92.1,1.01,11.9,24.8,3,4
02-11-2019,14557,12.2,12.2,79.6,3.21,8.8,38.5,3,4
03-11-2019,18356,9.5,8.7,85.8,0.4,7.2,15.1,3,4
04-11-2019,29198,9.4,9.1,90.2,3.18,7.9,10.6,3,4
05-11-2019,31016,10,9.3,88.1,0,8.1,17.9,1,4
06-11-2019,30745,7.4,6.1,81,0.6,4.3,14.3,3,4
07-11-2019,30244,7.4,5.2,86.4,7.99,5.2,25.7,3,4
08-11-2019,26194,5.5,4.4,88.2,0.2,3.6,14.1,3,4
09-11-2019,12350,5.5,3.7,90.6,7.01,4,18.6,3,4
10-11-2019,18491,7.6,6.3,82.2,2.99,4.7,15.8,3,4
11-11-2019,28080,7.6,5.1,77.7,4.37,3.8,25.8,3,4
12-11-2019,27391,6.2,3.2,80.9,2,3.1,29,3,4
13-11-2019,29661,6.5,4.1,82.9,0,3.7,18.7,1,4
14-11-2019,28649,6.4,4.6,85.1,1.05,4,13.4,3,4
15-11-2019,21318,6.9,4.2,85,0.61,4.5,24.4,3,4
16-11-2019,18553,6.6,5.7,81.2,1.41,3.6,15.8,3,4
17-11-2019,18082,6.1,5.9,85.4,0,3.7,6.6,1,4
18-11-2019,28521,6.9,5,78.7,0.6,3.4,17.3,3,4
19-11-2019,28760,3.7,2.9,88.9,0,1.9,9.7,1,4
20-11-2019,29437,5.4,2.6,76.2,0,1.5,21.3,1,4
21-11-2019,27064,4.9,1.8,87.2,0,3,16.9,1,4
22-11-2019,24865,8.3,6,88.9,5.38,6.6,19.1,3,4
23-11-2019,14904,9.7,8.6,87.4,1,7.7,17.1,3,4
24-11-2019,15599,9.8,9.5,91.1,0.2,8.4,15.8,3,4
25-11-2019,25722,10.7,10.3,91.6,1,9.5,16.5,3,4
26-11-2019,26982,11.6,11.6,89.9,0.83,10,21.8,3,4
27-11-2019,26575,10.5,10.1,91.4,11.97,9.2,19.1,3,4
28-11-2019,26030,9.1,7.5,86.6,0.8,6.9,18.8,3,4
29-11-2019,28463,5.8,4.7,81.5,0.4,2.8,9.6,3,4
30-11-2019,18176,4.6,2.6,86.6,0.2,2.5,13.1,3,4
01-12-2019,14242,5.4,2.6,81.5,0,2.4,19.7,1,1
02-12-2019,27306,3.4,1.7,80.2,0,0.2,10.8,1,1
03-12-2019,29645,5,3.8,83.1,0,2.3,12.9,1,1
04-12-2019,29458,4.1,3.8,90,0.05,2.5,9,3,1
05-12-2019,28547,5.5,4.2,88,0.01,3.6,26.4,3,1
06-12-2019,21917,11.2,11,85.8,5.78,8.9,31.7,3,1
07-12-2019,19235,9.6,8.4,78.4,0,6,31.8,1,1
08-12-2019,15139,9.5,8.1,75.6,2.39,5.4,36.7,3,1
09-12-2019,27089,7.5,4.9,70.2,0.8,2.2,32.1,3,1
10-12-2019,24198,7.4,5.4,86.9,0.6,5.4,36.4,3,1
11-12-2019,27414,5.8,3.1,83.6,3.99,3.2,15.9,3,1
12-12-2019,19740,5.9,2.9,90.9,6.02,4.5,25.7,3,1
13-12-2019,23189,7.3,3.9,76.6,6.38,3.4,32.5,3,1
14-12-2019,14862,6.6,3.1,74.4,2,2.3,41.6,3,1
15-12-2019,14077,7.7,4.4,75.8,12.37,3.7,31.5,3,1
16-12-2019,24344,7.7,6.1,87.5,3.02,5.7,18.7,3,1
17-12-2019,19747,7.1,5.8,91.6,4.99,5.8,10,3,1
18-12-2019,24745,7.2,5.6,89.2,0,5.5,24.6,1,1
19-12-2019,21679,12,12,83,9.02,9.2,27.7,3,1
20-12-2019,14451,8.5,6.7,91.4,21.56,7.2,25.2,3,1
21-12-2019,9370,8.4,5.9,89.3,4.21,6.8,22,3,1
22-12-2019,10407,8.2,5.8,87.6,4.61,6.3,22,3,1
23-12-2019,15878,8.1,6,80.5,0,4.9,25.7,1,1
24-12-2019,10478,9.5,8.1,83.8,1.4,6.9,28,3,1
25-12-2019,34674,5.7,4.4,81.4,0,2.7,19.1,1,1
26-12-2019,5649,7.5,5.2,88.4,4,5.7,34.1,3,1
27-12-2019,11718,7.7,6.5,85.7,0.01,5.4,18.7,3,1
28-12-2019,11414,8.4,7,85.1,0,6.1,14.6,1,1
29-12-2019,12256,7.3,5.1,84,0,4.8,17.2,1,1
30-12-2019,16166,6.2,4,92.1,0.2,5,15.9,3,1
31-12-2019,13043,7.8,6.2,90.9,0,6.4,18.4,1,1
01-01-2020,11152,5.4,4.5,88.2,0,3.6,8.6,1,1
02-01-2020,18682,8.9,8,85.7,0,6.7,24.3,1,1
03-01-2020,18437,8.7,7.3,80.2,1,5.4,25,3,1
04-01-2020,15702,6.6,4,78.4,0,3.1,21.9,1,1
05-01-2020,12978,7.9,5.6,80.1,0,4.7,20.7,1,1
06-01-2020,23773,7.8,4.8,79.6,0.4,4.5,27,3,1
07-01-2020,27554,9.4,8.3,89.7,0.2,7.8,27.6,3,1
08-01-2020,28269,11.6,11.6,84,0.01,9,23.6,3,1
09-01-2020,26628,11.5,10.9,84.1,6.6,8.9,30.1,3,1
10-01-2020,26848,6.7,4.2,75.3,0,2.6,19.6,1,1
11-01-2020,18219,9.4,8,78.6,0,6,37.3,1,1
12-01-2020,16502,9.7,8.5,79.7,1.2,6.3,31.8,3,1
13-01-2020,23839,8.6,6.3,84.6,0.2,6.2,42.5,3,1
14-01-2020,23020,10.5,9.3,86.2,6.22,8.3,43.3,3,1
15-01-2020,22499,8.8,6.6,82.7,11.22,6,44.4,3,1
16-01-2020,26303,9.5,8.3,81.9,0.2,6.6,27.1,3,1
17-01-2020,25811,8.1,5.8,81.5,5.02,5,38.2,3,1
18-01-2020,19817,4.4,2.4,79.2,0.2,0.9,13.7,3,1
19-01-2020,17922,4.3,3.2,76.5,0,0.4,7.9,1,1
20-01-2020,28250,3.6,3.2,82.7,0,0.8,6.6,1,1
21-01-2020,28832,2.7,2,90.6,0,1.2,9.5,1,1
22-01-2020,27725,6.3,6,90.9,0,4.9,10,1,1
23-01-2020,28420,7.9,7.4,82.7,0,5.2,9.1,1,1
24-01-2020,26419,6.9,6.4,86.8,0,4.9,8,1,1
25-01-2020,18206,6.3,4.8,85.1,0,4,12,1,1
26-01-2020,12854,8.6,7.1,87.7,2,6.7,25.6,3,1
27-01-2020,23486,7.6,5.9,87,7.2,5.6,19.8,3,1
28-01-2020,28218,5,2.6,78.2,2.98,1.4,30.6,3,1
29-01-2020,28959,6.1,3.7,75.8,0,2.1,25.6,1,1
30-01-2020,27971,10.2,9,87.8,0,8.3,25.4,1,1
31-01-2020,26378,10.9,10.5,86.1,0,8.7,28.9,1,1
01-02-2020,20293,10.3,9.5,72.2,1,5.3,37.4,3,1
02-02-2020,16220,10.5,10,80.6,0.84,7.2,34.3,3,1
03-02-2020,28267,9.5,8.1,73.1,0.2,4.9,30.7,3,1
04-02-2020,29473,7.1,4.3,70.3,0,2,29.2,1,1
05-02-2020,29710,6,5.6,76.1,0,2.1,7,1,1
06-02-2020,29481,5,4.8,83.8,0.2,2.3,8.4,3,1
07-02-2020,28238,6.4,5,82.2,0,3.5,19.3,1,1
08-02-2020,21810,9.3,7.8,76.7,2,5.3,29,3,1
09-02-2020,6479,10.8,9.6,79.7,11.01,7.4,53.9,3,1
10-02-2020,21873,7.3,3.4,69.8,1.22,2.1,46.8,3,1
11-02-2020,27194,5.6,0.8,60,3.98,-1.7,41.2,3,1
12-02-2020,27948,5.5,1.7,72,0,0.6,33,1,1
13-02-2020,25454,7.5,4.5,81.5,0.91,4.6,32.5,3,1
14-02-2020,26508,7.9,7.1,81.5,0,4.9,29.3,1,1
15-02-2020,9833,11.8,11.8,87.3,3.61,9.8,45,3,1
16-02-2020,6514,10.1,8.2,84.9,19.03,7.7,45.3,3,1
17-02-2020,25733,8,4.5,69.5,1.21,2.7,36.3,3,1
18-02-2020,25268,7,3.9,76.9,1.99,3.1,34.5,3,1
19-02-2020,24298,6.4,3.3,81.9,5.78,3.6,23.5,3,1
20-02-2020,22662,8,5.1,81.3,4.41,5,37,3,1
21-02-2020,24885,7.8,5.9,72.4,0,3.1,38.3,1,1
22-02-2020,18664,11.1,10.2,70.1,0.2,5.8,39.7,3,1
23-02-2020,14080,11.1,10.8,73.2,0.4,6.4,43.9,3,1
24-02-2020,23515,9.6,8.5,83,7.77,6.8,38.4,3,1
25-02-2020,27095,6.4,2.7,74.7,0.6,2.2,27.8,3,1
26-02-2020,28059,5,1.6,67.9,0.2,-0.6,29.2,3,1
27-02-2020,20356,4.9,2,72.7,6.01,0.1,29.2,3,1
28-02-2020,18676,6.7,4.7,84.6,3.02,4.3,33.8,3,1
29-02-2020,12542,7.9,4.7,76.1,6.42,3.9,38.7,3,1
01-03-2020,16831,7.1,3.9,64.4,0,0.6,32.7,1,2
02-03-2020,26484,6.3,3.9,73.9,0.03,1.6,23.2,3,2
03-03-2020,29209,5.4,3.3,76.3,0,1.5,23.8,1,2
04-03-2020,23390,5.3,3.7,85.8,3,3.1,14.5,3,2
05-03-2020,17028,6.1,2.7,89.6,15.98,4.5,26,3,2
06-03-2020,27950,6.3,4.5,68.4,2,0.5,16.8,3,2
07-03-2020,20229,7.8,6.7,80.2,0,4.6,31.8,1,2
08-03-2020,14917,9.9,8.8,75.7,2.21,5.8,37.1,3,2
09-03-2020,22851,7.7,5.2,78.8,1.2,4.1,29.1,3,2
10-03-2020,28186,12.9,12.9,84.2,5.01,10.3,38.1,3,2
11-03-2020,29716,11.2,10.8,76.9,0.2,7.3,33,3,2
12-03-2020,26841,7.9,4.4,62.1,0.6,1,41.9,3,2
13-03-2020,25233,8.6,6.4,64.7,0,2.2,28.4,1,2
14-03-2020,18742,9.7,8.6,79.3,2.99,6.2,26.1,3,2
15-03-2020,13268,9.8,8.9,80.3,0.61,6.6,29.6,3,2
16-03-2020,24370,8.2,7.2,67.6,0.2,2.3,16.1,3,2
17-03-2020,19268,9.6,8.6,77.8,0,5.9,23.6,1,2
18-03-2020,17407,11.9,11.8,80,0,8.5,24.2,1,2
19-03-2020,13371,7.7,5.7,89.2,0.4,6.1,17.6,3,2
20-03-2020,13696,7.7,4.5,68.7,0.2,2.2,26.7,3,2
21-03-2020,17550,7,4,61.8,0,-0.4,32.9,1,2
22-03-2020,16229,7.1,4.7,63,0,0.4,27.3,1,2
23-03-2020,11639,7.3,6,55,0,-1.3,17.9,1,2
24-03-2020,10165,8.8,8,48.8,0,-2,17.4,1,2
25-03-2020,10643,7.5,6.7,50.9,0,-2.9,15.2,1,2
26-03-2020,10978,7.5,6.4,55.4,0,-1.6,21.7,1,2
27-03-2020,11035,8.2,6.8,59.8,0,0.2,26,1,2
28-03-2020,12946,7.7,4.9,63.1,0,1,31.9,1,2
29-03-2020,7349,5.6,1.4,54.4,0.2,-3,35.8,3,2
30-03-2020,7006,6,3.4,68.1,0.2,0.5,20.7,3,2
31-03-2020,9121,6.7,4.3,65.9,0,0.6,20.9,1,2
01-04-2020,9194,6.2,5.4,62.5,0.2,-0.6,11.3,3,2
02-04-2020,9898,9.9,9.2,63,0,3.1,23.6,1,2
03-04-2020,11139,9.8,9.3,61.4,0,2.5,13.4,1,2
04-04-2020,22109,10.1,9.9,64.6,0,2.8,18.9,1,2
05-04-2020,28905,14.7,14,47.9,0,2.9,27,1,2
06-04-2020,10565,14.1,14.1,59.4,0.2,5.9,21.6,3,2
07-04-2020,14773,12.6,12.6,60.7,0,4.6,14.3,1,2
08-04-2020,13660,15,15,60.1,0,7.1,12.2,1,2
09-04-2020,17452,15,15,61.4,0,7.1,20.9,1,2
10-04-2020,27293,14.8,14.6,64.3,0,7.6,19.8,1,2
11-04-2020,33454,16.7,16.6,59,0,7.5,15.4,1,2
12-04-2020,29537,17.1,17.1,54.6,0,7.1,18,1,2
13-04-2020,18014,9.6,7.9,57.1,0,1.3,31,1,2
14-04-2020,14625,8.3,6.8,53,0,-0.9,16,1,2
15-04-2020,18067,10.4,10.2,59.1,0,2.1,14.4,1,2
16-04-2020,16660,12.7,12.5,63.6,0,5.4,14.2,1,2
17-04-2020,11211,11.5,11.2,67.1,0.61,5.5,24.2,3,2
18-04-2020,20331,10.2,9.2,76.7,2.84,6.3,17.5,3,2
19-04-2020,39996,12,11.6,62.3,0,4.2,22.1,1,2
20-04-2020,17453,12.3,11.5,54.7,0,2.7,30.2,1,2
21-04-2020,18745,13.6,13.5,50,0,2.9,28.8,1,2
22-04-2020,21173,14.4,14.1,52.7,0.2,3.9,22.7,3,2
23-04-2020,23869,15.1,14.8,56.1,0,5.5,13.2,1,2
24-04-2020,23367,14.8,14.8,55.4,0,5.4,14.3,1,2
25-04-2020,38063,10.9,10.1,69,0,5.2,15.8,1,2
26-04-2020,39116,12.8,12.8,62,0,4.7,12.1,1,2
27-04-2020,17205,13.1,13,62.8,0,6.1,17.1,1,2
28-04-2020,4872,8.9,7.2,86.9,11.4,6.8,18,3,2
29-04-2020,11432,10.5,10.3,80.1,5.78,7,22.5,3,2
30-04-2020,9116,9.7,8.2,81.5,8.99,6.5,32.2,3,2
01-05-2020,14663,11,10.1,71.4,0.21,5.8,25,3,2
02-05-2020,38474,12,11.1,61.5,0,4.3,16.3,1,2
03-05-2020,26982,12.4,12.4,65.6,0,5.8,10.4,1,2
04-05-2020,18332,13.2,13.1,64.6,0,6.4,22.4,1,2
05-05-2020,18503,11,10,61.1,0,3.4,26.6,1,2
06-05-2020,23350,11.8,11.1,61.4,0,3.9,15.1,1,2
07-05-2020,27389,15.1,15,61.5,0,6.7,15.3,1,2
08-05-2020,43669,17.4,17.4,52.6,0,7.1,8.6,1,2
09-05-2020,48752,17.7,17.7,53.7,0,7.1,18.5,1,2
10-05-2020,23540,13.2,12.3,63.2,0,6.3,33.9,1,2
11-05-2020,13366,8.8,6.4,49.9,0,-1.3,35.1,1,2
12-05-2020,20120,9.6,9.3,53.3,0,-0.1,11.3,1,2
13-05-2020,16886,9.9,8.9,54,0,0.7,21.8,1,2
14-05-2020,20445,9,7.8,57.9,0,0.6,20.4,1,2
15-05-2020,28363,12,12,55.1,0,2.5,13.4,1,2
16-05-2020,46227,13.2,13.1,52.3,0,3.3,16.1,1,2
17-05-2020,51422,14.4,14.2,57.9,0,5.6,21.1,1,2
18-05-2020,29598,16.9,16.9,52.1,0,6,23.3,1,2
19-05-2020,35525,18.9,18.9,58.4,0,10.1,16.9,1,2
20-05-2020,42827,20.6,20.6,53.6,0,9.9,17.1,1,2
21-05-2020,36203,21.3,21.2,50.9,0,9.7,13.1,1,2
22-05-2020,36817,19,19,49.4,0,7.6,32.3,1,2
23-05-2020,40769,14.8,14.8,56,1,5.6,37.5,3,2
24-05-2020,55805,16.3,16.3,59,0,7.8,25.6,1,2
25-05-2020,67034,18.7,18.7,53.8,0,8.2,13.6,1,2
26-05-2020,38386,19.9,19.9,51.5,0,8.5,11.9,1,2
27-05-2020,38327,19.2,19.2,54.8,0,9.6,15.9,1,2
28-05-2020,40682,16.5,16.5,52.7,0,5.9,20.2,1,2
29-05-2020,45693,17,17,50.3,0,5.5,18.4,1,2
30-05-2020,70170,17.6,17.6,53.4,0,6.7,23.1,1,2
31-05-2020,63116,18.3,18.3,47.6,0,6.4,25.3,1,2
01-06-2020,38376,18.8,18.8,52.8,0,8.2,19,1,3
02-06-2020,45524,19.1,19.1,48.1,0,6.9,13.1,1,3
03-06-2020,28915,16.6,16.6,62.8,0,9.4,21.2,1,3
04-06-2020,27752,13.2,13.2,66.7,0.4,6.9,18.8,3,3
05-06-2020,28586,12.9,12.9,62,1.81,5.4,28.9,3,3
06-06-2020,27731,10.6,9.7,72.2,7.98,5.6,33.6,3,3
07-06-2020,39225,12.7,12.2,76.9,0.22,8.4,15.8,3,3
08-06-2020,28859,13,13,65.4,0,6.6,17.5,1,3
09-06-2020,36702,14.5,14.5,55.9,0,5.5,13.8,1,3
10-06-2020,16957,13.4,13.4,79.3,0.22,9.9,16.2,3,3
11-06-2020,24710,14.8,14.8,77.6,0.61,10.9,25.2,3,3
12-06-2020,26990,16.7,16.7,78.3,0.21,12.9,24.7,3,3
13-06-2020,65045,18.5,18.5,67.3,0.01,11.6,23.8,3,3
14-06-2020,57516,18.3,18.3,67.9,1.01,11.9,17.5,3,3
15-06-2020,37990,18.1,18.1,66.9,0.01,11.4,13.2,3,3
16-06-2020,37758,18.5,18.5,66.3,0,11.7,13.7,1,3
17-06-2020,26514,17.1,17.1,77.7,16.88,13,16.1,3,3
18-06-2020,25666,16.1,16.1,83.3,17.2,13.1,18,3,3
19-06-2020,36582,16.1,16.1,74.7,0.41,11.6,26.5,3,3
20-06-2020,64041,17.1,17.1,69.7,0,11.3,21.2,1,3
21-06-2020,45485,18.1,18.1,64.6,0.8,11,25.8,3,3
22-06-2020,43004,17.5,17.5,60.2,0,9.2,19.1,1,3
23-06-2020,48287,20.9,20.9,58.1,0,11.7,14,1,3
24-06-2020,52131,23.6,23.4,54.5,0,13.3,18.9,1,3
25-06-2020,52389,24.6,24.4,54.2,0,14,21.3,1,3
26-06-2020,50978,23.3,23.4,62.4,0.6,15.2,24.6,3,3
27-06-2020,41381,17.6,17.6,74.9,2.61,13,33,3,3
28-06-2020,42221,16.1,16.1,67.3,0.8,9.8,32,3,3
29-06-2020,32538,15.6,15.6,61.3,2.98,8,34.9,3,3
30-06-2020,28707,16,16,76.3,0.81,11.8,22,3,3
01-07-2020,31474,17.5,17.5,74.8,4.97,12.9,25.7,3,3
02-07-2020,28054,16,16,79.3,0.23,12.3,20.9,3,3
03-07-2020,37423,16.2,16.2,75.2,4.96,11.5,31.6,3,3
04-07-2020,42173,17.7,17.7,83.9,1,14.9,28.7,3,3
05-07-2020,47227,18.4,18.4,62.3,0,10.5,37.8,1,3
06-07-2020,33688,16,16,59.7,0,7.9,28.4,1,3
07-07-2020,32208,15.9,15.9,63.9,0,8.8,24.1,1,3
08-07-2020,22306,16.7,16.7,90.2,10.17,15.1,15.8,3,3
09-07-2020,26128,17.6,17.6,86.4,1.23,15.3,21.5,3,3
10-07-2020,38143,15.8,15.8,67.4,2.2,9.3,19.5,3,3
11-07-2020,51371,15.8,15.8,58.8,0,7.3,17.5,1,3
12-07-2020,49653,17.8,17.8,56.7,0,8,15.5,1,3
13-07-2020,35317,19.4,19.4,52.7,0,8.9,23.7,1,3
14-07-2020,35224,18.2,18.2,69.7,1,12.2,15.4,3,3
15-07-2020,34126,16.7,16.7,67.1,0,10.6,15.9,1,3
16-07-2020,37401,18.9,18.9,68.6,0,13,17.8,1,3
17-07-2020,46734,22.1,22.1,60.2,0,13.4,20.2,1,3
18-07-2020,56654,20,20,62.1,0,12.1,20.8,1,3
19-07-2020,33988,17.6,17.6,69.6,0.4,11.7,13.4,3,3
20-07-2020,39255,17.5,17.5,51.5,0,6.8,14.3,1,3
21-07-2020,40542,17.5,17.5,48.8,0,6.2,12.5,1,3
22-07-2020,41579,19.9,19.9,49.9,0,8.8,19.2,1,3
23-07-2020,40105,19.5,19.5,55.5,0,9.9,24.3,1,3
24-07-2020,40929,20.2,20.2,66.5,0,13.6,20,1,3
25-07-2020,24828,18.2,18.2,83.5,3.03,15.4,27.6,3,3
26-07-2020,34216,17.1,17.1,78.8,6.78,13.1,23.6,3,3
27-07-2020,23892,18.1,18.1,80.9,1.2,14.8,43.6,3,3
28-07-2020,37887,17,17,61.7,0.6,9.1,24.7,3,3
29-07-2020,41163,17.5,17.5,58.4,0,8.8,16.4,1,3
30-07-2020,43105,21.5,21.2,49.1,0,9,13.5,1,3
31-07-2020,43267,25.6,25.3,51.3,0,13.6,29.5,1,3
01-08-2020,49591,21.5,21.5,61.5,0,13.4,23,1,3
02-08-2020,44097,18.8,18.8,59.3,0,10.3,22.3,1,3
03-08-2020,36822,18.9,18.9,52.7,0,8.6,16.6,1,3
04-08-2020,41429,18.1,18.1,63.5,0,10.2,24,1,3
05-08-2020,42674,20.4,20.4,58.5,0,11.3,30.2,1,3
06-08-2020,41172,22.5,22.6,67.6,0,15.8,18.4,1,3
07-08-2020,43349,25,24.6,52.8,0,12.9,16.7,1,3
08-08-2020,47667,25.4,25.6,56,0,15.8,16.5,1,3
09-08-2020,44699,24,24.2,63.7,0,16.1,17.3,1,3
10-08-2020,40033,26.4,26.6,58.3,0,16.9,17.1,1,3
11-08-2020,43139,27.4,27.6,57.4,0,17.3,12,1,3
12-08-2020,41957,26.9,27.3,59.7,0.02,17.9,20.1,3,3
13-08-2020,34296,23.2,23.3,71.7,0.02,17.8,17.8,3,3
14-08-2020,30322,18.9,18.9,84.8,0.46,16.3,13.1,3,3
15-08-2020,30834,18.8,18.8,91.3,1.43,17.4,12.4,3,3
16-08-2020,32727,20.6,20.6,83.4,14.94,17.4,13,3,3
17-08-2020,32065,18.7,18.7,80.8,13.71,15.1,15.9,3,3
18-08-2020,39694,19.8,19.8,73.4,0.02,14.8,22.6,3,3
19-08-2020,20690,18.4,18.4,92.1,10.02,17.1,19.1,3,3
20-08-2020,42900,20.9,20.9,66.3,0.4,13.9,25.9,3,3
21-08-2020,35563,20.5,20.5,65.4,0,13.7,42.4,1,3
22-08-2020,44600,19,19,66,0,12.3,33.8,1,3
23-08-2020,37229,18,18,68.6,0,12,25.9,1,3
24-08-2020,31659,17.1,17.1,75.7,1,12.5,16.9,3,3
25-08-2020,27213,17.9,17.9,81.7,6.23,14.6,38.8,3,3
26-08-2020,41188,18.3,18.3,64.2,0.99,11.3,29.3,3,3
27-08-2020,23767,15.5,15.5,81.7,0.06,12.3,19.2,3,3
28-08-2020,27689,15.2,15.2,81.6,4.83,11.9,23.4,3,3
29-08-2020,29091,13.4,13.4,78.5,3.01,9.6,23.7,3,3
30-08-2020,35248,14.2,14.2,68,0.01,8.2,21,3,3
31-08-2020,39872,13.2,13.2,69.1,0,7.2,9.2,1,3
01-09-2020,36669,14.2,14.2,69.1,0,7.8,9.8,1,4
02-09-2020,31809,15.2,15.2,76.2,0.6,10.6,19.2,3,4
03-09-2020,30832,18.6,18.6,82.8,2.79,15.7,24.2,3,4
04-09-2020,35992,16,16,73.1,0,11,20.5,1,4
05-09-2020,42640,14.2,14.2,73.2,1.99,9,18.7,3,4
06-09-2020,39964,14.5,14.5,73,0,9.4,15.1,1,4
07-09-2020,32954,15.8,15.8,78.5,0,11.8,24.2,1,4
08-09-2020,38508,19.8,19.8,78.7,0,15.9,17,1,4
09-09-2020,39425,18.4,18.4,75.2,0,13.8,15.9,1,4
10-09-2020,40273,15.4,15.4,60,0,7.4,9.6,1,4
11-09-2020,38358,14.5,14.5,67.6,0,8.3,21.8,1,4
12-09-2020,47615,16.8,16.8,65.5,0,10,19.2,1,4
13-09-2020,47141,18.5,18.5,71.5,0,12.8,17.6,1,4
14-09-2020,31631,19.4,19.3,70.3,0,12.7,13.4,1,4
15-09-2020,43592,21.8,21.9,70.6,0,15.7,14.1,1,4
16-09-2020,43355,21.4,21.4,64.2,0,14.1,19.8,1,4
17-09-2020,42033,16.9,16.9,63.3,0,9.5,22.6,1,4
18-09-2020,42106,16.2,16.2,64.9,0,9.2,28.2,1,4
19-09-2020,51764,18.5,18.5,61.5,0,10.1,24.7,1,4
20-09-2020,47835,18.7,18.7,64.8,0,11.3,17.9,1,4
21-09-2020,38776,17.1,17.1,73.6,0,11.8,10.1,1,4
22-09-2020,46181,18,18,71.2,0,12.1,25.7,1,4
23-09-2020,30731,16.2,16.2,83.7,4.41,13.4,23.7,3,4
24-09-2020,32999,11.7,11.4,74.7,4.81,7.1,23.9,3,4
25-09-2020,30833,11.2,10.3,68.4,1.99,5.1,35.6,3,4
26-09-2020,34352,10.5,9.4,65.5,0,4.2,27.6,1,4
27-09-2020,26694,12.1,12.1,69.6,0,6.7,27.6,1,4
28-09-2020,33146,13.7,13.7,69,0,7.8,16.4,1,4
29-09-2020,32116,15.7,15.7,83.4,2,12.7,13.8,3,4
30-09-2020,27200,14.2,14.2,86,1.01,11.8,24.6,3,4
01-10-2020,34441,13,13,76.6,5.99,8.7,17.2,3,4
02-10-2020,12207,12.5,12.5,91.2,13.58,11.1,32.9,3,4
03-10-2020,21909,13.8,13.8,89.8,43.72,12.2,22.7,3,4
04-10-2020,8779,10.1,8.9,93.6,28.2,9.1,26.2,3,4
05-10-2020,25748,12.7,12.2,84.9,0.6,10,25.1,3,4
06-10-2020,30723,13.3,13.3,81.6,5.78,10.1,30.6,3,4
07-10-2020,34225,12.5,12.3,75.9,0,8.2,24.3,1,4
08-10-2020,29150,14.7,14.7,83.5,5.2,11.9,29,3,4
09-10-2020,29389,9.7,9.4,87.2,1.99,7.5,22.9,3,4
10-10-2020,34838,9.1,8,83.6,0.2,6.4,16.8,3,4
11-10-2020,34123,10.5,10.1,79.3,0.99,6.8,12.1,3,4
12-10-2020,21308,9.7,9.7,88.4,0.21,7.8,10.2,3,4
13-10-2020,20948,9.6,9.3,90,8.97,8,16.3,3,4
14-10-2020,29591,11,10.5,81.5,2.2,7.9,20.6,3,4
15-10-2020,30112,10.2,9.2,79.6,0.6,6.8,19.7,3,4
16-10-2020,33858,10.6,10,76.1,0,6.4,13.7,1,4
17-10-2020,34167,10.9,10.9,78.2,0,7.2,10.4,1,4
18-10-2020,31540,10.5,10.5,82.8,0.2,7.7,6.7,3,4
19-10-2020,29221,12.3,12.2,71.1,0,7,23.3,1,4
20-10-2020,32568,15.3,15.3,77.7,0.6,11.4,27.9,3,4
21-10-2020,17842,14.8,14.8,92,10.04,13.5,26,3,4
22-10-2020,31992,13.4,13.4,81.5,0.2,10.2,22.8,3,4
23-10-2020,32333,12.7,12.7,85.4,0,10.2,24.9,1,4
24-10-2020,26255,12.7,12.5,83.6,0.61,10,35.1,3,4
25-10-2020,27462,10.4,9.7,84,8.07,7.8,21.9,3,4
26-10-2020,29578,9.8,8.7,81.2,0,6.7,23.6,1,4
27-10-2020,21496,9.9,9.1,89,1.02,8.2,24.6,3,4
28-10-2020,27747,10,8.9,80,2,6.6,27.1,3,4
29-10-2020,21958,11.9,11.9,86.1,3.01,9.7,0.2,3,4
30-10-2020,29425,15.3,15.3,85.5,0,12.9,20.5,1,4
31-10-2020,23300,13.4,13.4,81.5,7.62,10.3,29.2,3,4
01-11-2020,25625,14.7,14.7,82.6,0.4,11.8,35.9,3,4
02-11-2020,27663,14.1,13.9,72.8,0.41,9.2,40.9,3,4
03-11-2020,28623,8.1,6.2,77.9,9.77,4.5,27.9,3,4
04-11-2020,36971,6.3,6.2,84.4,0.2,3.6,9,3,4
05-11-2020,19762,5.3,5.2,94,0,4.4,9,1,4
06-11-2020,21849,7.8,7.2,81.7,0.2,4.6,16.8,3,4
07-11-2020,40469,9.7,9.3,87.2,0,7.6,9.2,1,4
08-11-2020,31318,12.7,12.7,91.5,0,11.3,8.8,1,4
09-11-2020,19955,13.6,13.6,92.5,4.01,12.4,12,3,4
10-11-2020,24860,12.3,12.3,92.2,1,11,10.5,3,4
11-11-2020,23661,12,12,87.8,0.2,10.1,30,3,4
12-11-2020,25865,11,10.8,79.4,3.03,7.5,23.8,3,4
13-11-2020,25767,11,10.9,80.4,0.6,7.8,19.8,3,4
14-11-2020,15491,12.9,12.9,86.3,1.04,10.7,27.9,3,4
15-11-2020,22687,11.2,10.2,82.6,14.62,8.2,35.3,3,4
16-11-2020,19152,10.6,10.2,81.2,0.4,7.5,29.5,3,4
17-11-2020,23524,13.2,13.2,83.1,1,10.4,23.6,3,4
18-11-2020,23011,12.5,12.1,78.2,0.4,8.8,25.5,3,4
19-11-2020,20455,8.4,6.1,76.1,0.8,4.4,30.2,3,4
20-11-2020,18225,6.7,5.8,89.2,1,5.1,18.4,3,4
21-11-2020,35358,11.3,11.3,79.5,0,7.9,28.2,1,4
22-11-2020,35315,9.4,9.2,83,0.4,6.6,18.5,3,4
23-11-2020,21680,6.9,6.2,89.3,0,5.2,12.7,1,4
24-11-2020,22773,10.7,10.3,81.8,0,7.7,20.7,1,4
25-11-2020,22103,10.6,10.2,84.5,0,8.1,16.9,1,4
26-11-2020,23694,7.6,7.3,79.9,0.2,4.3,7.4,3,4
27-11-2020,23667,4.7,4,89.4,0,3.1,8.7,1,4
28-11-2020,34416,9.3,8.4,90.1,0,7.8,12,1,4
29-11-2020,27107,8.3,7.3,88.7,0,6.5,11.5,1,4
30-11-2020,19199,7.4,5.4,89.4,0,5.6,26.9,1,4
01-12-2020,22282,6.6,4.3,72.6,0,2,17,1,1
02-12-2020,24615,5.6,4.6,84.1,0.2,3.1,11.5,3,1
03-12-2020,14619,5.5,3.5,91.5,14.21,4.2,17.7,3,1
04-12-2020,22624,4.7,1.3,83.9,3.79,2.1,22.8,3,1
05-12-2020,31470,5.5,2.8,78.2,0,2,18.7,1,1
06-12-2020,20583,4,2.1,86.2,1.99,1.9,12.8,3,1
07-12-2020,19778,2.3,1.5,93.7,0,1.4,6.6,1,1
08-12-2020,21625,2.9,2.1,93.8,0.61,2,8.3,3,1
09-12-2020,23013,5.6,3.2,87.2,1.99,3.6,14.2,3,1
10-12-2020,23516,6.9,4.7,85,0,4.6,19,1,1
11-12-2020,24943,9.1,8.2,93.6,7.58,8.2,18.5,3,1
12-12-2020,29258,7.8,5.6,85.3,0,5.4,20.5,1,1
13-12-2020,13220,7.4,5.9,92.2,2,6.2,23.9,3,1
14-12-2020,15959,10.5,9.7,88.1,13.76,8.5,27.3,3,1
15-12-2020,26241,9.3,8,86.9,2.19,7.2,18.3,3,1
16-12-2020,17574,9.3,7.8,85.4,2.01,7,22.9,3,1
17-12-2020,22945,9.4,8.3,85.2,0.2,7,23.8,3,1
18-12-2020,18542,11.5,11.5,87.2,0.41,9.5,30,3,1
19-12-2020,16643,10.4,9.8,82.7,1.64,7.6,26.6,3,1
20-12-2020,17397,8.1,6,82.8,5.78,5.3,21.3,3,1
21-12-2020,11190,11.1,10.3,91.7,2.01,9.9,25.7,3,1
22-12-2020,14805,11.7,11.7,87.3,2,9.6,29.8,3,1
23-12-2020,13215,11.3,11.1,91.2,3,9.9,22.7,3,1
24-12-2020,15630,5.3,1.4,76.4,1.99,1.5,27.1,3,1
25-12-2020,17741,2.7,-0.4,73.8,0,-1.6,18,1,1
26-12-2020,12557,6.7,4.7,84.3,0,4.3,41.3,1,1
27-12-2020,17726,6.4,3.5,82.1,16.95,3.6,45,3,1
28-12-2020,12631,2.4,0.2,91.2,0,1.1,15.2,1,1
29-12-2020,14666,3,0.4,84.9,0,0.7,13.6,1,1
30-12-2020,17079,2.1,0.1,88.8,0,0.4,13.1,1,1
31-12-2020,15004,0.7,-1.6,88.4,0,-1,10.9,1,1
